"If [A]","Time [ms]","fpp []"
100,20,-0.0966989633947155
100,20.2,-0.0906307625800288
100,20.4,-0.0845834279683651
100,20.6,-0.0782120856634327
100,20.8,-0.0716723425694309
100,21,-0.0651967072132769
100,21.2,-0.0590015223098634
100,21.4,-0.0529786911921761
100,21.6,-0.0466599841672486
100,21.8,-0.0400947320835463
100,22,-0.0335793074501045
100,22.2,-0.0273040610283878
100,22.4,-0.0213143900020954
100,22.6,-0.0151629598649014
100,22.8,-0.00865104171950163
100,23,-0.00206337422769394
100,23.2,0.0043478944433438
100,23.4,0.0104285433697854
100,23.6,0.0164928474039923
100,23.8,0.0228637422548989
100,24,0.0293945990651604
100,24.2,0.0358711190692315
100,24.4,0.0420385923856999
100,24.6,0.048063680726359
100,24.8,0.0543767747071561
100,25,0.060938842636506
100,25.2,0.0675193262934061
100,25.4,0.0738051904219647
100,25.6,0.079786930730321
100,25.8,0.0859466312787647
100,26,0.0924238929535594
100,26.2,0.099022173011791
100,26.4,0.105329922972543
100,26.6,0.109859861933556
100,26.8,0.112688981463532
100,27,0.114854892960363
100,27.2,0.116517429680707
100,27.4,0.117544145042855
100,27.6,0.117991640090139
100,27.8,0.118149629570525
100,28,0.118396580029671
100,28.2,0.118675885168752
100,28.4,0.11854816737785
100,28.6,0.117926566708344
100,28.8,0.116889469324742
100,29,0.115737708471714
100,29.2,0.114434196810103
100,29.4,0.112386568236392
100,29.6,0.108827249143707
100,29.7999999999999,0.103092305907836
100,29.9999999999999,0.0966894596813561
100,30.1999999999999,0.0906174737698517
100,30.3999999999999,0.084569849596886
100,30.5999999999999,0.0782020903953215
100,30.7999999999999,0.0716628181026195
100,30.9999999999999,0.0651766751000136
100,31.1999999999999,0.0589869292504182
100,31.3999999999999,0.0529648546568233
100,31.5999999999999,0.0466503481242165
100,31.7999999999999,0.0400848218204774
100,31.9999999999999,0.0335622521650796
100,32.1999999999999,0.0272915291908482
100,32.3999999999999,0.0213003052480832
100,32.5999999999999,0.0151522007789828
100,32.7999999999999,0.00864357068750547
100,32.9999999999999,0.00205062069228331
100,33.1999999999999,-0.00436394418538427
100,33.3999999999999,-0.0104428756498503
100,33.5999999999999,-0.0165085636217539
100,33.7999999999999,-0.0228754008673184
100,33.9999999999999,-0.0294085228391685
100,34.1999999999999,-0.0358859625337428
100,34.3999999999999,-0.0420531606463687
100,34.5999999999999,-0.0480819025092782
100,34.7999999999999,-0.0543875953120888
100,34.9999999999999,-0.0609589729865586
100,35.1999999999999,-0.0675291100153119
100,35.3999999999999,-0.0738199711668166
100,35.5999999999999,-0.0798015516566183
100,35.7999999999999,-0.0859624256950576
100,35.9999999999999,-0.0924412431949357
100,36.1999999999999,-0.0990365385449143
100,36.3999999999999,-0.105344921958683
100,36.5999999999999,-0.109876383228748
100,36.7999999999999,-0.112703011567407
100,36.9999999999999,-0.11486599092788
100,37.1999999999999,-0.116529459767229
100,37.3999999999999,-0.117560078272501
100,37.5999999999999,-0.118011581329359
100,37.7999999999999,-0.11816935129578
100,37.9999999999999,-0.118407694941467
100,38.1999999999999,-0.11868861727826
100,38.3999999999999,-0.118561385785426
100,38.5999999999999,-0.117942876701133
100,38.7999999999999,-0.116894081063692
100,38.9999999999999,-0.115739551861794
100,39.1999999999999,-0.114434578527547
100,39.3999999999999,-0.11238415641542
100,39.5999999999999,-0.108815739138969
100,39.7999999999999,-0.103084419664117
100,39.9999999999999,-0.0966850772268279
100,40.1999999999999,-0.0906131166543192
200,20,-0.193862662320252
200,20.2,-0.181702465739769
200,20.4,-0.169584207572255
200,20.6,-0.156814401419714
200,20.8,-0.143704103638361
200,21,-0.130722260391173
200,21.2,-0.118304005232532
200,21.4,-0.106232174042455
200,21.6,-0.093564932374077
200,21.8,-0.0804004557052301
200,22,-0.0673349653461408
200,22.2,-0.0547525458784959
200,22.4,-0.0427440055601633
200,22.6,-0.0304100248737852
200,22.8,-0.0173510548300381
200,23,-0.00413942517831873
200,23.2,0.00871636895325935
200,23.4,0.020908321077052
200,23.6,0.0330677211576563
200,23.8,0.0458433130101553
200,24,0.058940713671443
200,24.2,0.0719273701139864
200,24.4,0.0842918597863489
200,24.6,0.0963696773635401
200,24.8,0.109026084345496
200,25,0.12218309895161
200,25.2,0.135376011810518
200,25.4,0.147975527874941
200,25.6,0.159963492497111
200,25.8,0.172309112695924
200,26,0.185292291881078
200,26.2,0.198518000453933
200,26.4,0.211159152763978
200,26.6,0.220235845779065
200,26.8,0.225905239042255
200,27,0.230247751845114
200,27.2,0.233582398455772
200,27.4,0.235641007543088
200,27.6,0.236536553316125
200,27.8,0.23685250099675
200,28,0.237347848366741
200,28.2,0.237909308366462
200,28.4,0.237654267356054
200,28.6,0.236407267893466
200,28.8,0.234327085646911
200,29,0.232018735606931
200,29.2,0.229407547709216
200,29.4,0.225304787109875
200,29.6,0.218170387677342
200,29.7999999999999,0.206674371554849
200,29.9999999999999,0.193840655341495
200,30.1999999999999,0.181672696836103
200,30.3999999999999,0.169553985738833
200,30.5999999999999,0.156791449302954
200,30.7999999999999,0.143682160983871
200,30.9999999999999,0.130679329555011
200,31.1999999999999,0.118272072909017
200,31.3999999999999,0.106201882667851
200,31.5999999999999,0.0935431441243758
200,31.7999999999999,0.0803782124385683
200,31.9999999999999,0.0672984646648124
200,32.1999999999999,0.0547251844715693
200,32.3999999999999,0.0427136563430806
200,32.5999999999999,0.030386471346835
200,32.7999999999999,0.0173341639693383
200,32.9999999999999,0.00411198913844411
200,33.1999999999999,-0.00875030985298359
200,33.3999999999999,-0.0209387310655365
200,33.5999999999999,-0.0331007753207843
200,33.7999999999999,-0.0458681352593683
200,33.9999999999999,-0.0589700304768742
200,34.1999999999999,-0.0719584526587553
200,34.3999999999999,-0.0843222950027223
200,34.5999999999999,-0.0964073227204723
200,34.7999999999999,-0.109048778274628
200,34.9999999999999,-0.122224333883519
200,35.1999999999999,-0.1353964537157
200,35.3999999999999,-0.148005883911771
200,35.5999999999999,-0.159993479436192
200,35.7999999999999,-0.172341313397355
200,35.9999999999999,-0.185327508014331
200,36.1999999999999,-0.198547097988281
200,36.3999999999999,-0.211189431416765
200,36.5999999999999,-0.220269094587807
200,36.7999999999999,-0.225933381069049
200,36.9999999999999,-0.230269956203376
200,37.1999999999999,-0.233606459010562
200,37.3999999999999,-0.23567290071971
200,37.5999999999999,-0.236576440068209
200,37.7999999999999,-0.236891944700173
200,37.9999999999999,-0.237369992598656
200,38.1999999999999,-0.237934660621632
200,38.3999999999999,-0.237680624260133
200,38.5999999999999,-0.236439817900887
200,38.7999999999999,-0.234336166084889
200,38.9999999999999,-0.232022230745173
200,39.1999999999999,-0.229408043338966
200,39.3999999999999,-0.225299702399192
200,39.5999999999999,-0.218147011455471
200,39.7999999999999,-0.206658226683171
200,39.9999999999999,-0.193831440534533
200,40.1999999999999,-0.1816634378173
300,20,-0.289426396881204
300,20.2,-0.271294887323752
300,20.4,-0.253221569765871
300,20.6,-0.234172948838187
300,20.8,-0.214591084115099
300,21,-0.195216007678388
300,21.2,-0.176695401459854
300,21.4,-0.158680672767193
300,21.6,-0.139773174698696
300,21.8,-0.120106812858924
300,22,-0.100587916932182
300,22.2,-0.0818004789975649
300,22.4,-0.0638639674042384
300,22.6,-0.045447588503173
300,22.8,-0.0259454277509618
300,23,-0.00620641370085204
300,23.2,0.0129734332177336
300,23.4,0.0311770817758978
300,23.6,0.0493413556849197
300,23.8,0.0684200987260876
300,24,0.0879988206244705
300,24.2,0.10739561872538
300,24.4,0.125855277130535
300,24.6,0.143881222779796
300,24.8,0.162764312071494
300,25,0.182410021322039
300,25.2,0.202116528352205
300,25.4,0.220927453830236
300,25.6,0.238820728217224
300,25.8,0.257230354053989
300,26,0.276590048529069
300,26.2,0.296335713575733
300,26.4,0.315194438890755
300,26.6,0.328737439469081
300,26.8,0.33723758299468
300,27,0.343720975055934
300,27.2,0.348702524986413
300,27.4,0.351778655495183
300,27.6,0.353129386597925
300,27.8,0.353626207237201
300,28,0.354360761114342
300,28.2,0.355183702616727
300,28.4,0.354792287496369
300,28.6,0.352939743865461
300,28.8,0.349847906162912
300,29,0.346404315476533
300,29.2,0.34247921886004
300,29.4,0.336331237949656
300,29.6,0.3256776379689
300,29.7999999999999,0.308530274036461
300,29.9999999999999,0.289387255964209
300,30.1999999999999,0.271244350016498
300,30.3999999999999,0.253170054311339
300,30.5999999999999,0.234132258253374
300,30.7999999999999,0.214552527140815
300,30.9999999999999,0.195146532455298
300,31.1999999999999,0.176642835523273
300,31.3999999999999,0.158630511906608
300,31.5999999999999,0.139735739015765
300,31.7999999999999,0.120069528016206
300,31.9999999999999,0.100529567177541
300,32.1999999999999,0.0817564113605842
300,32.3999999999999,0.0638153498498427
300,32.5999999999999,0.0454091050586519
300,32.7999999999999,0.0259174764802008
300,32.9999999999999,0.00616282604312597
300,33.1999999999999,-0.0130261259015223
300,33.3999999999999,-0.0312240165024016
300,33.5999999999999,-0.0493923198914275
300,33.7999999999999,-0.06845884920577
300,33.9999999999999,-0.0880440140348093
300,34.1999999999999,-0.107442892270902
300,34.3999999999999,-0.125900861869276
300,34.5999999999999,-0.143937523975432
300,34.7999999999999,-0.162798289977827
300,34.9999999999999,-0.182472133431655
300,35.1999999999999,-0.202146203457371
300,35.3999999999999,-0.22097146406052
300,35.5999999999999,-0.238863689150636
300,35.7999999999999,-0.257277196434769
300,35.9999999999999,-0.276640705757987
300,36.1999999999999,-0.29637629660411
300,36.3999999999999,-0.315235568781991
300,36.5999999999999,-0.328782372862949
300,36.7999999999999,-0.337275242898619
300,36.9999999999999,-0.343749797313954
300,37.1999999999999,-0.348733564437803
300,37.3999999999999,-0.351821185988626
300,37.5999999999999,-0.353183898589391
300,37.7999999999999,-0.353680078794525
300,37.9999999999999,-0.35438857878001
300,38.1999999999999,-0.355216011610574
300,38.3999999999999,-0.354826438943981
300,38.5999999999999,-0.352983145048039
300,38.7999999999999,-0.349856352557693
300,38.9999999999999,-0.34640437666526
300,39.1999999999999,-0.34247438137099
300,39.3999999999999,-0.336318814314109
300,39.5999999999999,-0.325637828592453
300,39.7999999999999,-0.308501748619928
300,39.9999999999999,-0.289369470760135
300,40.1999999999999,-0.271227147188423
400,20,-0.370088108624234
400,20.2,-0.347009993920438
400,20.4,-0.32394628980088
400,20.6,-0.299760585096898
400,20.8,-0.274931511777078
400,21,-0.250306870226398
400,21.2,-0.226588121567942
400,21.4,-0.203322319056632
400,21.6,-0.17909736639528
400,21.8,-0.154001181869882
400,22,-0.129106821916815
400,22.2,-0.105027468842107
400,22.4,-0.0818106302610425
400,22.6,-0.0581100461062158
400,22.8,-0.0331981929594681
400,23,-0.00807119820364719
400,23.2,0.0164293067190256
400,23.4,0.0398956372225319
400,23.6,0.0633389148312118
400,23.8,0.087766845407599
400,24,0.11276738609786
400,24.2,0.137595514588142
400,24.4,0.161364436326809
400,24.6,0.184649530758791
400,24.8,0.208759743922557
400,25,0.233740003204794
400,25.2,0.258851276944018
400,25.4,0.282904164754432
400,25.6,0.305874193086885
400,25.8,0.329225587121546
400,26,0.353595612167419
400,26.2,0.378504739363094
400,26.4,0.402317022439621
400,26.6,0.419586254071854
400,26.8,0.43060173445759
400,27,0.43878539194236
400,27.2,0.444998538227627
400,27.4,0.44891334605679
400,27.6,0.450770620174883
400,27.8,0.451598110654758
400,28,0.45246718150948
400,28.2,0.453306106738158
400,28.4,0.452748288842404
400,28.6,0.450461285131721
400,28.8,0.446702634955635
400,29,0.442324543344746
400,29.2,0.437085929449421
400,29.4,0.429108485065002
400,29.6,0.415634257390173
400,29.7999999999999,0.394178785648468
400,29.9999999999999,0.370072523606244
400,30.1999999999999,0.346979395476566
400,30.3999999999999,0.323911237357474
400,30.5999999999999,0.299738485995182
400,30.7999999999999,0.274914464522211
400,30.9999999999999,0.250251987586874
400,31.1999999999999,0.226554781038066
400,31.3999999999999,0.20328960169325
400,31.5999999999999,0.179079134807775
400,31.7999999999999,0.153987086951214
400,31.9999999999999,0.129067050119223
400,32.1999999999999,0.105005677562069
400,32.3999999999999,0.0817811810953596
400,32.5999999999999,0.0580911864252669
400,32.7999999999999,0.033195346015764
400,32.9999999999999,0.00804987907645714
400,33.1999999999999,-0.0164610679311997
400,33.3999999999999,-0.0399215737560405
400,33.5999999999999,-0.0633725389862382
400,33.7999999999999,-0.0877861665172154
400,33.9999999999999,-0.112791351955982
400,34.1999999999999,-0.137620209142955
400,34.3999999999999,-0.16138724312236
400,34.5999999999999,-0.184688165254336
400,34.7999999999999,-0.208771152100628
400,34.9999999999999,-0.233787050734944
400,35.1999999999999,-0.258854276062686
400,35.3999999999999,-0.282928172154116
400,35.5999999999999,-0.305899796135147
400,35.7999999999999,-0.32926226804232
400,35.9999999999999,-0.353638088163668
400,36.1999999999999,-0.378533163102331
400,36.3999999999999,-0.402344717940283
400,36.5999999999999,-0.419619099138007
400,36.7999999999999,-0.430627497902947
400,36.9999999999999,-0.438802655696181
400,37.1999999999999,-0.445018539096659
400,37.3999999999999,-0.44894564897443
400,37.5999999999999,-0.450818619472742
400,37.7999999999999,-0.451645055245589
400,37.9999999999999,-0.452482500848274
400,38.1999999999999,-0.453327477108751
400,38.3999999999999,-0.452772933341632
400,38.5999999999999,-0.450497848932566
400,38.7999999999999,-0.446696715282278
400,38.9999999999999,-0.442309757795007
400,39.1999999999999,-0.437066733781559
400,39.3999999999999,-0.429083738761012
400,39.5999999999999,-0.415576379190777
400,39.7999999999999,-0.394140474398645
400,39.9999999999999,-0.37005498663536
400,40.1999999999999,-0.346970743795798
450,20,-0.39653636063118
450,20.2,-0.371823181465291
450,20.4,-0.347120856424572
450,20.6,-0.321352798343757
450,20.8,-0.294874640528551
450,21,-0.268600818440832
450,21.2,-0.243157092184366
450,21.4,-0.218034447906372
450,21.6,-0.192058877239204
450,21.8,-0.165217850814964
450,22,-0.138594736883651
450,22.2,-0.112783566090621
450,22.4,-0.0876867389668394
450,22.6,-0.0621880237201834
450,22.8,-0.0355488634714264
450,23,-0.00870697986344646
450,23.2,0.0174826700200283
450,23.4,0.0427739682081715
450,23.6,0.0680482243407052
450,23.8,0.0942017306015003
450,24,0.120966524634901
450,24.2,0.147560147080225
450,24.4,0.173142719612039
450,24.6,0.198286376025819
450,24.8,0.224068702724523
450,25,0.250739168889247
450,25.2,0.277584744276412
450,25.4,0.303349415738961
450,25.6,0.328062803493499
450,25.8,0.352961525300029
450,26,0.378813024669528
450,26.2,0.405332306693389
450,26.4,0.430655565433788
450,26.6,0.449146247947141
450,26.8,0.461065547851892
450,27,0.469807847727264
450,27.2,0.476430070069045
450,27.4,0.480657268262883
450,27.6,0.4826774853381
450,27.8,0.483684177203335
450,28,0.484580635638325
450,28.2,0.485365703525135
450,28.4,0.484778172247577
450,28.6,0.482306870529374
450,28.8,0.478370322710774
450,29,0.473670629054726
450,29.2,0.467904051778486
450,29.4,0.459319043058277
450,29.6,0.444922152704594
450,29.7999999999999,0.422150839413183
450,29.9999999999999,0.396535935659032
450,30.1999999999999,0.371808072477615
450,30.3999999999999,0.347100411935143
450,30.5999999999999,0.321346636639613
450,30.7999999999999,0.294874279212896
450,30.9999999999999,0.268558797946468
450,31.1999999999999,0.243138167991874
450,31.3999999999999,0.218016663307712
450,31.5999999999999,0.19205716350703
450,31.7999999999999,0.165223322048302
450,31.9999999999999,0.138571817536373
450,32.1999999999999,0.112777939059459
450,32.3999999999999,0.0876734408225175
450,32.5999999999999,0.0621868636422725
450,32.7999999999999,0.0355669525749846
450,32.9999999999999,0.00870513118090589
450,33.1999999999999,-0.0174970642809138
450,33.3999999999999,-0.0427826698982417
450,33.5999999999999,-0.0680642349527756
450,33.7999999999999,-0.0942021031068596
450,33.9999999999999,-0.120969553349919
450,34.1999999999999,-0.147564424389469
450,34.3999999999999,-0.173145705655905
450,34.5999999999999,-0.198305442411159
450,34.7999999999999,-0.224057813672924
450,34.9999999999999,-0.25076583111733
450,35.1999999999999,-0.277564542168209
450,35.3999999999999,-0.303355631264171
450,35.5999999999999,-0.328072128321311
450,35.7999999999999,-0.352986118652212
450,35.9999999999999,-0.378845716334505
450,36.1999999999999,-0.405352848542199
450,36.3999999999999,-0.4306793011623
450,36.5999999999999,-0.449176655306073
450,36.7999999999999,-0.461088801993218
450,36.9999999999999,-0.469823193467317
450,37.1999999999999,-0.476449483855114
450,37.3999999999999,-0.480690843957651
450,37.5999999999999,-0.482728686488035
450,37.7999999999999,-0.483732745917701
450,37.9999999999999,-0.484595414026019
450,38.1999999999999,-0.485386934993761
450,38.3999999999999,-0.484805395054357
450,38.5999999999999,-0.48234809547161
450,38.7999999999999,-0.478367209377307
450,38.9999999999999,-0.473657684141878
450,39.1999999999999,-0.467886543931224
450,39.3999999999999,-0.459299132360083
450,39.5999999999999,-0.444869545187182
450,39.7999999999999,-0.422121538523498
450,39.9999999999999,-0.396531984540296
450,40.1999999999999,-0.371816344514967
475,20,-0.4075124846675
475,20.2,-0.382110824719365
475,20.4,-0.356718897241811
475,20.6,-0.330337142014657
475,20.8,-0.303206033869949
475,21,-0.276281247702158
475,21.2,-0.250089481331214
475,21.4,-0.224146655424676
475,21.6,-0.197436360440867
475,21.8,-0.169894271389769
475,22,-0.142578977910679
475,22.2,-0.116043692184318
475,22.4,-0.0901180378247387
475,22.6,-0.0638408002311168
475,22.8,-0.0365152053041184
475,23,-0.00898074505208373
475,23.2,0.0178897360321129
475,23.4,0.0439826115045421
475,23.6,0.0700600033541227
475,23.8,0.096908655184028
475,24,0.124389588385261
475,24.2,0.151686424149114
475,24.4,0.178053065741214
475,24.6,0.204017590770917
475,24.8,0.230501508253412
475,25,0.257850844148596
475,25.2,0.285394438599516
475,25.4,0.311870320948666
475,25.6,0.337332752539451
475,25.8,0.362869628010051
475,26,0.389276145566744
475,26.2,0.416416084651419
475,26.4,0.442339262981352
475,26.6,0.461350819109632
475,26.8,0.473658518319639
475,27,0.482624786732563
475,27.2,0.489392404269294
475,27.4,0.493744928668663
475,27.6,0.495861194645751
475,27.8,0.496964330192365
475,28,0.497869258453208
475,28.2,0.498607433493081
475,28.4,0.497983782384243
475,28.6,0.495456064778172
475,28.8,0.491467784203506
475,29,0.486634344249747
475,29.2,0.480624788876625
475,29.4,0.471759944764137
475,29.6,0.456993248519315
475,29.7999999999999,0.433724073521952
475,29.9999999999999,0.407517645099292
475,30.1999999999999,0.38210155584556
475,30.3999999999999,0.356703834376168
475,30.5999999999999,0.330337315588708
475,30.7999999999999,0.303212427570375
475,30.9999999999999,0.276244307390466
475,31.1999999999999,0.250076387934594
475,31.3999999999999,0.224134785769398
475,31.5999999999999,0.197441514308215
475,31.7999999999999,0.169908365536771
475,31.9999999999999,0.142563438164743
475,32.1999999999999,0.116045245333385
475,32.3999999999999,0.0901118679975717
475,32.5999999999999,0.0638475256115686
475,32.7999999999999,0.0365428993227042
475,32.9999999999999,0.00898789433404326
475,33.1999999999999,-0.0178958376543063
475,33.3999999999999,-0.0439831360037415
475,33.5999999999999,-0.070067780831925
475,33.7999999999999,-0.0969000064347897
475,33.9999999999999,-0.124382223858747
475,34.1999999999999,-0.151680130136869
475,34.3999999999999,-0.178045645267232
475,34.5999999999999,-0.20402656715681
475,34.7999999999999,-0.230479395341467
475,34.9999999999999,-0.257866800835164
475,35.1999999999999,-0.28536213712565
475,35.3999999999999,-0.311866790867582
475,35.5999999999999,-0.337333592794485
475,35.7999999999999,-0.362888489769155
475,35.9999999999999,-0.389305027315152
475,36.1999999999999,-0.416434961030571
475,36.3999999999999,-0.442364462092322
475,36.5999999999999,-0.461383825019232
475,36.7999999999999,-0.473684344602908
475,36.9999999999999,-0.482642991428923
475,37.1999999999999,-0.489415726859453
475,37.3999999999999,-0.493784199671912
475,37.5999999999999,-0.495919058940743
475,37.7999999999999,-0.497018318100053
475,37.9999999999999,-0.4978879414104
475,38.1999999999999,-0.498632657963335
475,38.3999999999999,-0.498017300661298
475,38.5999999999999,-0.495504865626696
475,38.7999999999999,-0.49147137626674
475,38.9999999999999,-0.486627112780342
475,39.1999999999999,-0.480612426842518
475,39.3999999999999,-0.471747237898717
475,39.5999999999999,-0.45694864336368
475,39.7999999999999,-0.433703695843013
475,39.9999999999999,-0.40752362832614
475,40.1999999999999,-0.3821204261308
500,20,-0.4174220016339
500,20.2,-0.39139205890301
500,20.4,-0.36536927357814
500,20.6,-0.338448766277586
500,20.8,-0.310754845151569
500,21,-0.283259782952315
500,21.2,-0.256370897547915
500,21.4,-0.229661714322986
500,21.6,-0.202278169909015
500,21.8,-0.174119352097801
500,22,-0.146198471785623
500,22.2,-0.119001502725659
500,22.4,-0.0923036304450834
500,22.6,-0.0653057770180216
500,22.8,-0.0373750733664138
500,23,-0.00923429477231795
500,23.2,0.0182467551936993
500,23.4,0.0450873151352455
500,23.6,0.0719140494816935
500,23.8,0.0993836011601742
500,24,0.12749142184892
500,24.2,0.155407994616007
500,24.4,0.182500953330969
500,24.6,0.209232687237701
500,24.8,0.236362730958164
500,25,0.264309702879894
500,25.2,0.292467440547315
500,25.4,0.319587224019966
500,25.6,0.345736828441989
500,25.8,0.371851345021373
500,26,0.398729834774618
500,26.2,0.426395017245308
500,26.4,0.452851127707496
500,26.6,0.472344036464752
500,26.8,0.485008672411475
500,27,0.494171897528672
500,27.2,0.501053050365636
500,27.4,0.505511100013736
500,27.6,0.507739081041491
500,27.8,0.508940307904881
500,28,0.509850754275151
500,28.2,0.510532379460447
500,28.4,0.509853440375007
500,28.6,0.507295933821713
500,28.8,0.503273320688783
500,29,0.498320202172624
500,29.2,0.492078780281637
500,29.4,0.482936464730008
500,29.6,0.467845944755893
500,29.7999999999999,0.444158603274775
500,29.9999999999999,0.417431584413184
500,30.1999999999999,0.391387785418364
500,30.3999999999999,0.365358784924157
500,30.5999999999999,0.338454446982244
500,30.7999999999999,0.310766634712482
500,30.9999999999999,0.283226705490969
500,31.1999999999999,0.256363286133813
500,31.3999999999999,0.229655539088518
500,31.5999999999999,0.202289714169033
500,31.7999999999999,0.174141207911692
500,31.9999999999999,0.146189398377792
500,32.1999999999999,0.119010101993054
500,32.3999999999999,0.0923047880625418
500,32.5999999999999,0.0653203378361533
500,32.7999999999999,0.0374121044661233
500,32.9999999999999,0.00925003026151957
500,33.1999999999999,-0.0182442336980227
500,33.3999999999999,-0.0450790480104242
500,33.5999999999999,-0.0719129753388354
500,33.7999999999999,-0.099365559692015
500,33.9999999999999,-0.127473468997268
500,34.1999999999999,-0.155390604666187
500,34.3999999999999,-0.182482052540841
500,34.5999999999999,-0.209230292526007
500,34.7999999999999,-0.236328389501348
500,34.9999999999999,-0.264313869548701
500,35.1999999999999,-0.292422028256253
500,35.3999999999999,-0.319572493407149
500,35.5999999999999,-0.345728167436528
500,35.7999999999999,-0.371864439687167
500,35.9999999999999,-0.398755819506308
500,36.1999999999999,-0.426413978589028
500,36.3999999999999,-0.452879970436832
500,36.5999999999999,-0.472382058333457
500,36.7999999999999,-0.485039973555349
500,36.9999999999999,-0.494196386409688
500,37.1999999999999,-0.501083838449954
500,37.3999999999999,-0.505559636564808
500,37.5999999999999,-0.507806936673237
500,37.7999999999999,-0.509003063851341
500,37.9999999999999,-0.509877188103935
500,38.1999999999999,-0.51056559581363
500,38.3999999999999,-0.509897131237634
500,38.5999999999999,-0.507355883374502
500,38.7999999999999,-0.50328725166497
500,38.9999999999999,-0.498322475349503
500,39.1999999999999,-0.492075560986301
500,39.3999999999999,-0.48293473624694
500,39.5999999999999,-0.467812867543536
500,39.7999999999999,-0.444150338125765
500,39.9999999999999,-0.417450554862662
500,40.1999999999999,-0.391419976878192
525,20,-0.426428287176639
525,20.2,-0.39982464760494
525,20.4,-0.373225806542439
525,20.6,-0.345822852475577
525,20.8,-0.317638614550686
525,21,-0.2896333721345
525,21.2,-0.262095326362933
525,21.4,-0.234673723314934
525,21.6,-0.206670790080139
525,21.8,-0.17796230438643
525,22,-0.149503922522608
525,22.2,-0.121697115352389
525,22.4,-0.0942834227515526
525,22.6,-0.0666205715559698
525,22.8,-0.0381482317051215
525,23,-0.00947376805951111
525,23.2,0.0185633342774712
525,23.4,0.0460974859593196
525,23.6,0.073618828705438
525,23.8,0.101651629053028
525,24,0.130312261857023
525,24.2,0.15878426764779
525,24.4,0.186549286718909
525,24.6,0.21399444029223
525,24.8,0.241723604846652
525,25,0.270204137125316
525,25.2,0.29890885796664
525,25.4,0.326617295957411
525,25.6,0.353397122097758
525,25.8,0.380037266661544
525,26,0.40732878824746
525,26.2,0.435444666781153
525,26.4,0.462382145077368
525,26.6,0.482319190193606
525,26.8,0.495310996674347
525,27,0.504651957499391
525,27.2,0.511626491478401
525,27.4,0.516174346334074
525,27.6,0.518523366821485
525,27.8,0.519819088126581
525,28,0.520733968311998
525,28.2,0.52135612273812
525,28.4,0.520610491548786
525,28.6,0.518041297156488
525,28.8,0.51399339572785
525,29,0.508931455488072
525,29.2,0.502472102123342
525,29.4,0.4930577630969
525,29.6,0.477680129432246
525,29.7999999999999,0.453634240114573
525,29.9999999999999,0.426440095068922
525,30.1999999999999,0.399823405707061
525,30.3999999999999,0.373218162935859
525,30.5999999999999,0.345832165765112
525,30.7999999999999,0.317653515901591
525,30.9999999999999,0.28960212374711
525,31.1999999999999,0.262091507754172
525,31.3999999999999,0.234671773079402
525,31.5999999999999,0.206687234032426
525,31.7999999999999,0.17799027308994
525,31.9999999999999,0.149499466154355
525,32.1999999999999,0.121711312898933
525,32.3999999999999,0.0942905589929054
525,32.5999999999999,0.0666418606900395
525,32.7999999999999,0.0381930783219337
525,32.9999999999999,0.00949646957838462
525,33.1999999999999,-0.0185533877066358
525,33.3999999999999,-0.0460812447816113
525,33.5999999999999,-0.0736097046881421
525,33.7999999999999,-0.101625081827663
525,33.9999999999999,-0.130284858189652
525,34.1999999999999,-0.158756915611709
525,34.3999999999999,-0.186519458496427
525,34.5999999999999,-0.213981042387136
525,34.7999999999999,-0.241677184545524
525,34.9999999999999,-0.270196687660705
525,35.1999999999999,-0.298851028351483
525,35.3999999999999,-0.326591623725393
525,35.5999999999999,-0.353379276787851
525,35.7999999999999,-0.380045210542068
525,35.9999999999999,-0.407353189328658
525,36.1999999999999,-0.435465449832621
525,36.3999999999999,-0.462416593206148
525,36.5999999999999,-0.482364597258498
525,36.7999999999999,-0.495350310119686
525,36.9999999999999,-0.504685352360678
525,37.1999999999999,-0.511667412871591
525,37.3999999999999,-0.516234490767391
525,37.5999999999999,-0.518603822880045
525,37.7999999999999,-0.519893334799527
525,37.9999999999999,-0.520770895066289
525,38.1999999999999,-0.521400163683255
525,38.3999999999999,-0.520666927957881
525,38.5999999999999,-0.518115123121624
525,38.7999999999999,-0.51402072389739
525,38.9999999999999,-0.508946136451662
525,39.1999999999999,-0.502480821288374
525,39.3999999999999,-0.493069640996238
525,39.5999999999999,-0.477661048189583
525,39.7999999999999,-0.453640873187231
525,39.9999999999999,-0.426474665157311
525,40.1999999999999,-0.399871299644562
550,20,-0.434605180435883
550,20.2,-0.40747992281122
550,20.4,-0.380359251439848
550,20.6,-0.35251980896112
550,20.8,-0.323905895454073
550,21,-0.29543750986817
550,21.2,-0.267299383252692
550,21.4,-0.239221214868911
550,21.6,-0.210649801886808
550,21.8,-0.181449238537947
550,22,-0.152512027470267
550,22.2,-0.124144813901232
550,22.4,-0.0960753952087924
550,22.6,-0.0678050524011548
550,22.8,-0.0388441225411961
550,23,-0.0097013882531622
550,23.2,0.0188437169790584
550,23.4,0.047012500348016
550,23.6,0.0751699179004919
550,23.8,0.103716466100832
550,24,0.132862639453465
550,24.2,0.161836393079893
550,24.4,0.190217015416445
550,24.6,0.218318996196224
550,24.8,0.246603832732104
550,25,0.275564172652437
550,25.2,0.304759177209571
550,25.4,0.333006070321036
550,25.6,0.36035989632922
550,25.8,0.387478981143462
550,26,0.415140708982571
550,26.2,0.443647588136386
550,26.4,0.47102088626177
550,26.6,0.491368156133423
550,26.8,0.504659618026016
550,27,0.5141640766635
550,27.2,0.521219519322063
550,27.4,0.525845419336124
550,27.6,0.528317759906013
550,27.8,0.529701252963932
550,28,0.530620671053367
550,28.2,0.531185545904097
550,28.4,0.530368719591144
550,28.6,0.527798664892406
550,28.8,0.523729330906264
550,29,0.518567013248345
550,29.2,0.511905611389364
550,29.4,0.502229643310276
550,29.6,0.486594494363577
550,29.7999999999999,0.462237925583124
550,29.9999999999999,0.434617781405659
550,30.1999999999999,0.407480462599419
550,30.3999999999999,0.380353334054607
550,30.5999999999999,0.352531559701872
550,30.7999999999999,0.323922489235
550,30.9999999999999,0.295406753815651
550,31.1999999999999,0.267298220879272
550,31.3999999999999,0.239222678985934
550,31.5999999999999,0.21067035851148
550,31.7999999999999,0.18148210869467
550,31.9999999999999,0.152511106580377
550,32.1999999999999,0.124163476041265
550,32.3999999999999,0.0960876981957671
550,32.5999999999999,0.0678322782213637
550,32.7999999999999,0.0388958527612022
550,32.9999999999999,0.00972970713417043
550,33.1999999999999,-0.0188275332140376
550,33.3999999999999,-0.0469892009761222
550,33.5999999999999,-0.0751531946243048
550,33.7999999999999,-0.10368198061959
550,33.9999999999999,-0.132826873842336
550,34.1999999999999,-0.161800087813696
550,34.3999999999999,-0.190177011210914
550,34.5999999999999,-0.218294740598205
550,34.7999999999999,-0.24654550160151
550,34.9999999999999,-0.275545470764349
550,35.1999999999999,-0.304689477958139
550,35.3999999999999,-0.332969762979971
550,35.5999999999999,-0.360332965465805
550,35.7999999999999,-0.387481927737692
550,35.9999999999999,-0.415163698579056
550,36.1999999999999,-0.443670556012966
550,36.3999999999999,-0.471060797295724
550,36.5999999999999,-0.491420891566039
550,36.7999999999999,-0.504707176844116
550,36.9999999999999,-0.514206671025933
550,37.1999999999999,-0.521270687496112
550,37.3999999999999,-0.525916784045955
550,37.5999999999999,-0.528410657486285
550,37.7999999999999,-0.529787087658837
550,37.9999999999999,-0.530668527330592
550,38.1999999999999,-0.531240432901367
550,38.3999999999999,-0.530437606531683
550,38.5999999999999,-0.52788611605835
550,38.7999999999999,-0.523770009550423
550,38.9999999999999,-0.518594401426732
550,39.1999999999999,-0.511926416338742
550,39.3999999999999,-0.502254785997882
550,39.5999999999999,-0.486588936934878
550,39.7999999999999,-0.462259065636316
550,39.9999999999999,-0.434667818632136
550,40.1999999999999,-0.407543581209304
575,20,-0.441994481934687
575,20.2,-0.414396629243311
575,20.4,-0.386807351251958
575,20.6,-0.358571825610221
575,20.8,-0.329579738752069
575,21,-0.300687470726293
575,21.2,-0.272000021106089
575,21.4,-0.243323550599796
575,21.6,-0.214234137315612
575,21.8,-0.184592528263521
575,22,-0.155227676984494
575,22.2,-0.12634972402886
575,22.4,-0.0976863594088619
575,22.6,-0.0688679923278733
575,22.8,-0.0394661904665222
575,23,-0.00991328637149535
575,23.2,0.0190943685893064
575,23.4,0.0478362844267586
575,23.6,0.0765686603377919
575,23.8,0.105582522937147
575,24,0.135154973190577
575,24.2,0.164582628400674
575,24.4,0.193520971043318
575,24.6,0.222221585549343
575,24.8,0.251018092037245
575,25,0.280410802944399
575,25.2,0.310046845940292
575,25.4,0.338782807341586
575,25.6,0.366655373722154
575,25.8,0.394208621263192
575,26,0.422206599427656
575,26.2,0.451057869659938
575,26.4,0.478827711130545
575,26.6,0.499548482159656
575,26.8,0.513113029487251
575,27,0.522769638550784
575,27.2,0.52989888280405
575,27.4,0.534595497250171
575,27.6,0.537187344098664
575,27.8,0.538650725247148
575,28,0.539575078953164
575,28.2,0.54008747866389
575,28.4,0.539200418725205
575,28.6,0.536633729445413
575,28.8,0.532543384210507
575,29,0.527287901266978
575,29.2,0.520440651329956
575,29.4,0.510518451992395
575,29.6,0.494649694574895
575,29.7999999999999,0.470017246458552
575,29.9999999999999,0.442007652272561
575,30.1999999999999,0.414398797445987
575,30.3999999999999,0.38680315886408
575,30.5999999999999,0.358585862811519
575,30.7999999999999,0.32959769904989
575,30.9999999999999,0.300656987790633
575,31.1999999999999,0.272001180011202
575,31.3999999999999,0.243328405867034
575,31.5999999999999,0.214258680623335
575,31.7999999999999,0.184630082692807
575,31.9999999999999,0.155229820373248
575,32.1999999999999,0.12637243050058
575,32.3999999999999,0.0977037431106016
575,32.5999999999999,0.0689011181109095
575,32.7999999999999,0.0395245559011927
575,32.9999999999999,0.00994689502856567
575,33.1999999999999,-0.0190723450945683
575,33.3999999999999,-0.0478060218093497
575,33.5999999999999,-0.0765443274110806
575,33.7999999999999,-0.105540268328827
575,33.9999999999999,-0.135111238476236
575,34.1999999999999,-0.164537831531857
575,34.3999999999999,-0.193471071517193
575,34.5999999999999,-0.222186346183416
575,34.7999999999999,-0.250947609250466
575,34.9999999999999,-0.280380952241614
575,35.1999999999999,-0.309965629512917
575,35.3999999999999,-0.338735799393196
575,35.5999999999999,-0.366618818178029
575,35.7999999999999,-0.394205905803697
575,35.9999999999999,-0.422227510868703
575,36.1999999999999,-0.451081911565184
575,36.3999999999999,-0.478871654489704
575,36.5999999999999,-0.49960708060599
575,36.7999999999999,-0.513167401310251
575,36.9999999999999,-0.522820165243583
575,37.1999999999999,-0.5299586351765
575,37.3999999999999,-0.534675934191235
575,37.5999999999999,-0.537290809276252
575,37.7999999999999,-0.538746448574601
575,37.9999999999999,-0.539632465121323
575,38.1999999999999,-0.540151769961956
575,38.3999999999999,-0.539279551130247
575,38.5999999999999,-0.536732738446086
575,38.7999999999999,-0.53259581792678
575,38.9999999999999,-0.527326445822618
575,39.1999999999999,-0.520471810989149
575,39.3999999999999,-0.510554942997195
575,39.5999999999999,-0.494655342103995
575,39.7999999999999,-0.470050916552647
575,39.9999999999999,-0.442071037425565
575,40.1999999999999,-0.414474926387251
600,20,-0.448649634377591
600,20.2,-0.420624644352313
600,20.4,-0.39261660390396
600,20.6,-0.364021461615141
600,20.8,-0.334694253883882
600,21,-0.305412562450515
600,21.2,-0.276225910026341
600,21.4,-0.247009426976117
600,21.6,-0.217450624762654
600,21.8,-0.187413115852584
600,22,-0.157665081528746
600,22.2,-0.128324614627895
600,22.4,-0.0991282028497278
600,22.6,-0.0698198219243625
600,22.8,-0.0400202450046362
600,23,-0.0101077339747827
600,23.2,0.0193193518371165
600,23.4,0.0485737550599503
600,23.6,0.0778204924984126
600,23.8,0.107258290860766
600,24,0.137205594722305
600,24.2,0.167044180469734
600,24.4,0.196483422094467
600,24.6,0.225724926813148
600,24.8,0.254989520094712
600,25,0.284773491449857
600,25.2,0.314807479868829
600,25.4,0.343985577245614
600,25.6,0.372323795587995
600,25.8,0.4002693065498
600,26,0.428575941476854
600,26.2,0.457733834478405
600,26.4,0.485864097221987
600,26.6,0.50692444411527
600,26.8,0.520737129485157
600,27,0.530537041749864
600,27.2,0.537736319047547
600,27.4,0.542498424902479
600,27.6,0.54520253054733
600,27.8,0.546737235266948
600,28,0.547667410492167
600,28.2,0.548133304589144
600,28.4,0.547180409464487
600,28.6,0.544617314529258
600,28.8,0.540504814815195
600,29,0.535161821769794
600,29.2,0.528145190589123
600,29.4,0.517994247196386
600,29.6,0.501911675336684
600,29.7999999999999,0.477030987268167
600,29.9999999999999,0.448662410688271
600,30.1999999999999,0.420627594522775
600,30.3999999999999,0.392613387303894
600,30.5999999999999,0.36403692486221
600,30.7999999999999,0.334712632789057
600,30.9999999999999,0.305381594565057
600,31.1999999999999,0.276228734090933
600,31.3999999999999,0.24701688341975
600,31.5999999999999,0.217478235774933
600,31.7999999999999,0.187454100351881
600,31.9999999999999,0.157669279971285
600,32.1999999999999,0.12835045849647
600,32.3999999999999,0.09914980725828
600,32.5999999999999,0.0698577586895976
600,32.7999999999999,0.0400840968544115
600,32.9999999999999,0.0101453523375201
600,33.1999999999999,-0.0192926757420441
600,33.3999999999999,-0.0485377234773796
600,33.5999999999999,-0.0777896705337111
600,33.7999999999999,-0.107209474478291
600,33.9999999999999,-0.137155406412357
600,34.1999999999999,-0.166992325235688
600,34.3999999999999,-0.196424963687774
600,34.5999999999999,-0.225679868160369
600,34.7999999999999,-0.254908099645191
600,34.9999999999999,-0.284733931156224
600,35.1999999999999,-0.31471600775511
600,35.3999999999999,-0.34392908069985
600,35.5999999999999,-0.372278345061887
600,35.7999999999999,-0.400261435460259
600,35.9999999999999,-0.428595141158872
600,36.1999999999999,-0.457758919292029
600,36.3999999999999,-0.485911599864459
600,36.5999999999999,-0.506988470743262
600,36.7999999999999,-0.520797830734859
600,36.9999999999999,-0.53059492280502
600,37.1999999999999,-0.537804149139912
600,37.3999999999999,-0.542586902459566
600,37.5999999999999,-0.545315730274731
600,37.7999999999999,-0.546842097870085
600,37.9999999999999,-0.547733589479605
600,38.1999999999999,-0.548206037836183
600,38.3999999999999,-0.54726879848572
600,38.5999999999999,-0.54472669860905
600,38.7999999999999,-0.540568159353539
600,38.9999999999999,-0.535210830846801
600,39.1999999999999,-0.52818605868855
600,39.3999999999999,-0.518040888211357
600,39.5999999999999,-0.501927264269165
600,39.7999999999999,-0.47707604592364
600,39.9999999999999,-0.448738047984467
600,40.1999999999999,-0.420715315468086
650,20,-0.460046306219545
650,20.2,-0.431285738727498
650,20.4,-0.402568156749148
650,20.6,-0.373346080415023
650,20.8,-0.343454358558337
650,21,-0.313485697764018
650,21.2,-0.283435929220175
650,21.4,-0.253299664603816
650,21.6,-0.222929528328867
650,21.8,-0.192215147641613
650,22,-0.161813612164858
650,22.2,-0.131675105237243
650,22.4,-0.101577235674648
650,22.6,-0.0714397678428822
650,22.8,-0.0409557591177002
650,23,-0.0104472593377875
650,23.2,0.0197063409497542
650,23.4,0.049825016835647
650,23.6,0.0799422793530496
650,23.8,0.110114370589025
650,24,0.140683886079309
650,24.2,0.171233752048031
650,24.4,0.201527288148397
650,24.6,0.231692673321983
650,24.8,0.261774308762388
650,25,0.292233833667037
650,25.2,0.322953516078194
650,25.4,0.352894536192994
650,25.6,0.382020193855023
650,25.8,0.410641168654483
650,26,0.439497385870223
650,26.2,0.469181498027779
650,26.4,0.497939987545822
650,26.6,0.51959044090511
650,26.8,0.533835054791348
650,27,0.543900228318064
650,27.2,0.551233890482417
650,27.4,0.556115732271466
650,27.6,0.559020477827913
650,27.8,0.560674235480504
650,28,0.561618480432627
650,28.2,0.562007673484628
650,28.4,0.56094075317621
650,28.6,0.558378348990672
650,28.8,0.554217868227741
650,29,0.548713799478638
650,29.2,0.54140185901363
650,29.4,0.530843892739491
650,29.6,0.514382905328015
650,29.7999999999999,0.489068493442261
650,29.9999999999999,0.460059557273697
650,30.1999999999999,0.431291557476043
650,30.3999999999999,0.402568134773905
650,30.5999999999999,0.37336526174719
650,30.7999999999999,0.343474746039674
650,30.9999999999999,0.31345531063574
650,31.1999999999999,0.283443009346891
650,31.3999999999999,0.253313382546686
650,31.5999999999999,0.222963910756231
650,31.7999999999999,0.192263419521954
650,31.9999999999999,0.161823030693858
650,32.1999999999999,0.131707678796079
650,32.3999999999999,0.101607643371718
650,32.5999999999999,0.071487669222439
650,32.7999999999999,0.0410300916117166
650,32.9999999999999,0.0104932323531632
650,33.1999999999999,-0.0196701635469333
650,33.3999999999999,-0.0497772264882434
650,33.5999999999999,-0.0798982279366685
650,33.7999999999999,-0.110052926434686
650,33.9999999999999,-0.140621086148594
650,34.1999999999999,-0.171168122433491
650,34.3999999999999,-0.201451964475301
650,34.5999999999999,-0.231627850058256
650,34.7999999999999,-0.261671514316384
650,34.9999999999999,-0.292175537972602
650,35.1999999999999,-0.322841245238185
650,35.3999999999999,-0.352817855430609
650,35.5999999999999,-0.381955481499745
650,35.7999999999999,-0.410620901667333
650,35.9999999999999,-0.439510479416417
650,36.1999999999999,-0.469204918024638
650,36.3999999999999,-0.49798988088447
650,36.5999999999999,-0.519660158122509
650,36.7999999999999,-0.533902906649132
650,36.9999999999999,-0.54396694020857
650,37.1999999999999,-0.551311692010754
650,37.3999999999999,-0.556214126360084
650,37.5999999999999,-0.559146511884853
650,37.7999999999999,-0.560791187038299
650,37.9999999999999,-0.561696162618671
650,38.1999999999999,-0.562091143367679
650,38.3999999999999,-0.561041318363181
650,38.5999999999999,-0.558501704566852
650,38.7999999999999,-0.554296721851256
650,38.9999999999999,-0.548777385430291
650,39.1999999999999,-0.541455313757038
650,39.3999999999999,-0.530904122928035
650,39.5999999999999,-0.514411347597976
650,39.7999999999999,-0.489129446113378
650,39.9999999999999,-0.460152343453795
650,40.1999999999999,-0.431394247381449
700,20,-0.469461629030266
700,20.2,-0.440090220217462
700,20.4,-0.410795842650403
700,20.6,-0.381044203426045
700,20.8,-0.350693368953408
700,21,-0.320137306218443
700,21.2,-0.289371822727797
700,21.4,-0.258489695760549
700,21.6,-0.22744099814984
700,21.8,-0.196164462910445
700,22,-0.16522050848623
700,22.2,-0.134416085854559
700,22.4,-0.103589531483249
700,22.6,-0.0727768739333191
700,22.8,-0.0417192523440913
700,23,-0.0107326440302397
700,23.2,0.0200325810400413
700,23.4,0.0508488002564179
700,23.6,0.0816720618097036
700,23.8,0.11246253969986
700,24,0.143532617794933
700,24.2,0.174682335351964
700,24.4,0.205677216345747
700,24.6,0.236596471361529
700,24.8,0.267366490650641
700,25,0.298391866913001
700,25.2,0.32968315127826
700,25.4,0.360257946672681
700,25.6,0.390019006947488
700,25.8,0.41919874283995
700,26,0.448532833252588
700,26.2,0.478659489213822
700,26.4,0.507949611299571
700,26.6,0.530095641016404
700,26.8,0.544706115984459
700,27,0.555011785268182
700,27.2,0.562476736488366
700,27.4,0.567469736879455
700,27.6,0.570545211545193
700,27.8,0.572294326260164
700,28,0.573254543166793
700,28.2,0.573584988425068
700,28.4,0.572426123589958
700,28.6,0.569852674178896
700,28.8,0.565639770921166
700,29,0.55998948064676
700,29.2,0.552427112916337
700,29.4,0.54152039522072
700,29.6,0.52473112390183
700,29.7999999999999,0.499042232711141
700,29.9999999999999,0.469477296247129
700,30.1999999999999,0.440100487988162
700,30.3999999999999,0.410800265456067
700,30.5999999999999,0.381068154170354
700,30.7999999999999,0.350717136293461
700,30.9999999999999,0.320109143969081
700,31.1999999999999,0.289383979112161
700,31.3999999999999,0.258510211642884
700,31.5999999999999,0.227482213648266
700,31.7999999999999,0.19622026557963
700,31.9999999999999,0.165236124537078
700,32.1999999999999,0.134455738347744
700,32.3999999999999,0.103628705717094
700,32.5999999999999,0.0728342056077104
700,32.7999999999999,0.0418036752457463
700,32.9999999999999,0.0107870976105793
700,33.1999999999999,-0.0199869979303144
700,33.3999999999999,-0.0507896988065083
700,33.5999999999999,-0.0816156238232943
700,33.7999999999999,-0.112389499574198
700,33.9999999999999,-0.143457868247498
700,34.1999999999999,-0.174603513597974
700,34.3999999999999,-0.205586369797455
700,34.5999999999999,-0.236513274773657
700,34.7999999999999,-0.267244242458539
700,34.9999999999999,-0.298315926278531
700,35.1999999999999,-0.329550425168105
700,35.3999999999999,-0.360161694471964
700,35.5999999999999,-0.389935040963168
700,35.7999999999999,-0.419165253927191
700,35.9999999999999,-0.448538049693955
700,36.1999999999999,-0.478678178078749
700,36.3999999999999,-0.507997751203405
700,36.5999999999999,-0.530165902034534
700,36.7999999999999,-0.544775698178222
700,36.9999999999999,-0.555081867138523
700,37.1999999999999,-0.562559191666651
700,37.3999999999999,-0.567572395193716
700,37.5999999999999,-0.57067764608198
700,37.7999999999999,-0.572416826458282
700,37.9999999999999,-0.57333749946972
700,38.1999999999999,-0.573673277164283
700,38.3999999999999,-0.572532727917187
700,38.5999999999999,-0.569983248418721
700,38.7999999999999,-0.565727494065784
700,38.9999999999999,-0.560060986170535
700,39.1999999999999,-0.552486755631687
700,39.3999999999999,-0.541587772889629
700,39.5999999999999,-0.524765566446702
700,39.7999999999999,-0.499111630051594
700,39.9999999999999,-0.469579280016805
700,40.1999999999999,-0.440210047113904
750,20,-0.477528890695548
750,20.2,-0.447635638188856
750,20.4,-0.417855384049003
750,20.6,-0.387643691290412
750,20.8,-0.35690559655318
750,21,-0.325836359789302
750,21.2,-0.294460485719746
750,21.4,-0.262953688211068
750,21.6,-0.231318103022597
750,21.8,-0.199554810117206
750,22,-0.168138821489528
750,22.2,-0.136757965463086
750,22.4,-0.105319307192376
750,22.6,-0.0739322085116257
750,22.8,-0.0423737888126283
750,23,-0.010980406925749
750,23.2,0.0203192784808722
750,23.4,0.0517214863227839
750,23.6,0.0831404801510263
750,23.8,0.114472594758718
750,24,0.145969174080426
750,24.2,0.17764442489724
750,24.4,0.209238755682639
750,24.6,0.240794209867569
750,24.8,0.27215971639652
750,25,0.303676848013695
750,25.2,0.335460060863494
750,25.4,0.366577262913351
750,25.6,0.396866753693133
750,25.8,0.42652153263552
750,26,0.456279852051643
750,26.2,0.486792816352146
750,26.4,0.516544279822636
750,26.6,0.53911975303312
750,26.8,0.554050892651494
750,27,0.564578448641068
750,27.2,0.572171659321559
750,27.4,0.577271695368477
750,27.6,0.580493684480006
750,27.8,0.582324334385045
750,28,0.583301575065213
750,28.2,0.583584258433049
750,28.4,0.582351083634972
750,28.6,0.579755103720342
750,28.8,0.575487958692904
750,29,0.569702858538455
750,29.2,0.561919596819341
750,29.4,0.550707881133576
750,29.6,0.533625081197071
750,29.7999999999999,0.507602113248375
750,29.9999999999999,0.477544668522543
750,30.1999999999999,0.447648088784222
750,30.3999999999999,0.417861938747102
750,30.5999999999999,0.387669885400378
750,30.7999999999999,0.356930578082947
750,30.9999999999999,0.325808172144787
750,31.1999999999999,0.294474932698343
750,31.3999999999999,0.262977962218324
750,31.5999999999999,0.231362980627741
750,31.7999999999999,0.199615256582371
750,31.9999999999999,0.168157979141208
750,32.1999999999999,0.136801414551866
750,32.3999999999999,0.105364005875499
750,32.5999999999999,0.0739954923775275
750,32.7999999999999,0.0424645390352586
750,32.9999999999999,0.0110403288303585
750,33.1999999999999,-0.0202676904162113
750,33.3999999999999,-0.0516549573809863
750,33.5999999999999,-0.0830756301013308
750,33.7999999999999,-0.114392061786178
750,33.9999999999999,-0.145886016153992
750,34.1999999999999,-0.17755599933762
750,34.3999999999999,-0.209136828991066
750,34.5999999999999,-0.240697203851539
750,34.7999999999999,-0.27202299456484
750,34.9999999999999,-0.303587306138569
750,35.1999999999999,-0.335310723001006
750,35.3999999999999,-0.366465695646096
750,35.5999999999999,-0.396767618443483
750,35.7999999999999,-0.426477908545615
750,35.9999999999999,-0.456279463801669
750,36.1999999999999,-0.486808256369696
750,36.3999999999999,-0.516591291479894
750,36.5999999999999,-0.539190694021196
750,36.7999999999999,-0.554121847025514
750,36.9999999999999,-0.564651442943058
750,37.1999999999999,-0.572258359624873
750,37.3999999999999,-0.577378059652188
750,37.5999999999999,-0.580631476600927
750,37.7999999999999,-0.58245157766091
750,37.9999999999999,-0.583388938006441
750,38.1999999999999,-0.583676700774056
750,38.3999999999999,-0.58246316080997
750,38.5999999999999,-0.579891660538172
750,38.7999999999999,-0.575583310620994
750,38.9999999999999,-0.56978099742862
750,39.1999999999999,-0.561984323819367
750,39.3999999999999,-0.550781383221973
750,39.5999999999999,-0.533664353937489
750,39.7999999999999,-0.507678232581518
750,39.9999999999999,-0.477653728594006
750,40.1999999999999,-0.447762276011036
800,20,-0.484645556407223
800,20.2,-0.454293318319961
800,20.4,-0.424091235957137
800,20.6,-0.39347222251065
800,20.8,-0.362395473498132
800,21,-0.330868046558058
800,21.2,-0.298956777925446
800,21.4,-0.266911584830606
800,21.6,-0.234754598195431
800,21.8,-0.202556729020157
800,22,-0.170716352436435
800,22.2,-0.138821443900937
800,22.4,-0.106854279935039
800,22.6,-0.074961329264051
800,22.8,-0.0429542214140609
800,23,-0.0112004702268516
800,23.2,0.0205792043198554
800,23.4,0.0524893738473793
800,23.6,0.0844262074687658
800,23.8,0.116245484036791
800,24,0.148121489951327
800,24.2,0.180268991738326
800,24.4,0.212392035911092
800,24.6,0.2444986281036
800,24.8,0.276393058174632
800,25,0.308350308010056
800,25.2,0.340568261832976
800,25.4,0.372162350997144
800,25.6,0.40290534907598
800,25.8,0.432975791564587
800,26,0.463116341251291
800,26.2,0.493976799652605
800,26.4,0.52413549442423
800,26.6,0.547092374291236
800,26.8,0.562314185645137
800,27,0.573048401728559
800,27.2,0.580767224079472
800,27.4,0.585972802364342
800,27.6,0.58932114837359
800,27.8,0.591225999430566
800,28,0.592220275320841
800,28.2,0.592462022898516
800,28.4,0.59116891244709
800,28.6,0.588540583581893
800,28.8,0.584219870955217
800,29,0.578308681051526
800,29.2,0.570322802917616
800,29.4,0.558840162053387
800,29.6,0.541488229758143
800,29.7999999999999,0.515159493087954
800,29.9999999999999,0.484659217277798
800,30.1999999999999,0.454305492576437
800,30.3999999999999,0.424097234739635
800,30.5999999999999,0.393498107260596
800,30.7999999999999,0.362419123832795
800,30.9999999999999,0.330837336919599
800,31.1999999999999,0.298970662561801
800,31.3999999999999,0.266936547314541
800,31.5999999999999,0.234799923866422
800,31.7999999999999,0.202618780706899
800,31.9999999999999,0.170736355827784
800,32.1999999999999,0.138865475788328
800,32.3999999999999,0.106901005170366
800,32.5999999999999,0.0750268556582216
800,32.7999999999999,0.0430477394949661
800,32.9999999999999,0.011262830492403
800,33.1999999999999,-0.0205250297533932
800,33.3999999999999,-0.0524191874363455
800,33.5999999999999,-0.0843569070824395
800,33.7999999999999,-0.116161353717225
800,33.9999999999999,-0.148033646804182
800,34.1999999999999,-0.180174832601323
800,34.3999999999999,-0.212283459985997
800,34.5999999999999,-0.24439226247716
800,34.7999999999999,-0.276246479955852
800,34.9999999999999,-0.308251372249583
800,35.1999999999999,-0.340406398626869
800,35.3999999999999,-0.372039832093748
800,35.5999999999999,-0.402795221212519
800,35.7999999999999,-0.432925516469161
800,35.9999999999999,-0.463113194793656
800,36.1999999999999,-0.493991001299631
800,36.3999999999999,-0.524182939957821
800,36.5999999999999,-0.547164916505846
800,36.7999999999999,-0.562387383123636
800,36.9999999999999,-0.573124868016982
800,37.1999999999999,-0.580858525392496
800,37.3999999999999,-0.586083212147592
800,37.5999999999999,-0.589464027785155
800,37.7999999999999,-0.591358120503593
800,37.9999999999999,-0.592312152386474
800,38.1999999999999,-0.592558733852309
800,38.3999999999999,-0.591286418415001
800,38.5999999999999,-0.588682979801259
800,38.7999999999999,-0.584322699296898
800,38.9999999999999,-0.578393445745895
800,39.1999999999999,-0.570392643049648
800,39.3999999999999,-0.558919563735824
800,39.5999999999999,-0.541532098649598
800,39.7999999999999,-0.515241717688855
800,39.9999999999999,-0.484774832687671
800,40.1999999999999,-0.454423601359275
