"If [A]","Time [ns]","Distance [meter]","Brad_2 []"
500,37999999.9999999,0,0.0134119823696909
500,37999999.9999999,0.001213365,0.0169697640469568
500,37999999.9999999,0.00242673,0.0219038810590506
500,37999999.9999999,0.003640095,0.026800536631735
500,37999999.9999999,0.00485346,0.0328724282261268
500,37999999.9999999,0.006066825,0.0349774839105685
500,37999999.9999999,0.00728019,0.0401151128891314
500,37999999.9999999,0.008493555,0.0454248289252801
500,37999999.9999999,0.00970692,0.0505486983606043
500,37999999.9999999,0.010920285,0.0522473366588054
500,37999999.9999999,0.01213365,0.0568529851473896
500,37999999.9999999,0.013347015,0.0615513729990325
500,37999999.9999999,0.01456038,0.0659912596352596
500,37999999.9999999,0.015773745,0.0688700152287861
500,37999999.9999999,0.01698711,0.0723389154326584
500,37999999.9999999,0.018200475,0.0772108128259636
500,37999999.9999999,0.01941384,0.0798717966177857
500,37999999.9999999,0.020627205,0.0824218458072808
500,37999999.9999999,0.02184057,0.0846700037244231
500,37999999.9999999,0.023053935,0.0867025510036948
500,37999999.9999999,0.0242673,0.0886186786964185
500,37999999.9999999,0.025480665,0.0904273385849582
500,37999999.9999999,0.02669403,0.0926848491242143
500,37999999.9999999,0.027907395,0.0951612230589559
500,37999999.9999999,0.02912076,0.0980383935165832
500,37999999.9999999,0.030334125,0.101711825660696
500,37999999.9999999,0.03154749,0.105555967329719
500,37999999.9999999,0.032760855,0.110074170108465
500,37999999.9999999,0.03397422,0.115160838375059
500,37999999.9999999,0.035187585,0.120576482746461
500,37999999.9999999,0.03640095,0.126372824875003
500,37999999.9999999,0.037614315,0.134042789154824
500,37999999.9999999,0.03882768,0.142473219737919
500,37999999.9999999,0.040041045,0.151439476656619
500,37999999.9999999,0.04125441,0.160671294225028
500,37999999.9999999,0.042467775,0.168695455463803
500,37999999.9999999,0.04368114,0.179263746726063
500,37999999.9999999,0.044894505,0.189797492747331
500,37999999.9999999,0.04610787,0.200033762026788
500,37999999.9999999,0.047321235,0.203060261084085
500,37999999.9999999,0.0485346,0.211343508068198
500,37999999.9999999,0.049747965,0.228511723149306
500,37999999.9999999,0.05096133,0.238129154809935
500,37999999.9999999,0.052174695,0.2381414147628
500,37999999.9999999,0.05338806,0.251829230516803
500,37999999.9999999,0.054601425,0.261541025772366
500,37999999.9999999,0.05581479,0.27626760872809
500,37999999.9999999,0.057028155,0.281529065231871
500,37999999.9999999,0.05824152,0.291907424519563
500,37999999.9999999,0.059454885,0.290940908003635
500,37999999.9999999,0.06066825,0.317928395318746
500,37999999.9999999,0.061881615,0.31822082905301
500,37999999.9999999,0.06309498,0.334977102122755
500,37999999.9999999,0.064308345,0.352621518968708
500,37999999.9999999,0.06552171,0.377005265069311
500,37999999.9999999,0.066735075,0.379842548998858
500,37999999.9999999,0.06794844,0.39556981144255
500,37999999.9999999,0.069161805,0.413591325800141
500,37999999.9999999,0.07037517,0.425008653229072
500,37999999.9999999,0.071588535,0.460502507258622
500,37999999.9999999,0.0728019,0.475638205644645
500,37999999.9999999,0.074015265,0.488596757510747
500,37999999.9999999,0.07522863,0.501171993556664
500,37999999.9999999,0.076441995,0.518742838570524
500,37999999.9999999,0.07765536,0.543703716757671
500,37999999.9999999,0.078868725,0.568564782738587
500,37999999.9999999,0.08008209,0.605766826374481
500,37999999.9999999,0.081295455,0.620983259215507
500,37999999.9999999,0.08250882,0.621780950081987
500,37999999.9999999,0.083722185,0.605687222025835
500,37999999.9999999,0.08493555,0.664286509849592
500,37999999.9999999,0.086148915,0.712926921087014
500,37999999.9999999,0.08736228,0.698281132046344
500,37999999.9999999,0.088575645,0.7026614526127
500,37999999.9999999,0.08978901,0.70873808066781
500,37999999.9999999,0.091002375,0.739217381093226
500,37999999.9999999,0.09221574,0.767841452947235
500,37999999.9999999,0.093429105,0.78895673455512
500,37999999.9999999,0.09464247,0.834726631954895
500,37999999.9999999,0.095855835,0.8501293080767
500,37999999.9999999,0.0970692,0.875688406000052
500,37999999.9999999,0.098282565,0.916740744280703
500,37999999.9999999,0.09949593,0.923483868832534
500,37999999.9999999,0.100709295,0.946174418624159
500,37999999.9999999,0.10192266,0.965577850850843
500,37999999.9999999,0.103136025,0.984232174646652
500,37999999.9999999,0.10434939,1.00439141250922
500,37999999.9999999,0.105562755,1.0270259602931
500,37999999.9999999,0.10677612,1.04812966712367
500,37999999.9999999,0.107989485,1.06985147391129
500,37999999.9999999,0.10920285,1.0920526953996
500,37999999.9999999,0.110416215,1.10561846647657
500,37999999.9999999,0.11162958,1.12185739913817
500,37999999.9999999,0.112842945,1.13608287732085
500,37999999.9999999,0.11405631,1.14470845926289
500,37999999.9999999,0.115269675,1.147516291836
500,37999999.9999999,0.11648304,1.15119328399105
500,37999999.9999999,0.117696405,1.15085183219115
500,37999999.9999999,0.11890977,1.16043249304549
500,37999999.9999999,0.120123135,1.1645888859036
500,37999999.9999999,0.1213365,1.16777357415415
500,37999999.9999999,0.122549865,1.17041900187593
500,37999999.9999999,0.12376323,1.17208340953761
500,37999999.9999999,0.124976595,1.17375696073705
500,37999999.9999999,0.12618996,1.17529666352216
500,37999999.9999999,0.127403325,1.17649640407596
500,37999999.9999999,0.12861669,1.17815754871737
500,37999999.9999999,0.129830055,1.17902205783842
500,37999999.9999999,0.13104342,1.18096040772399
500,37999999.9999999,0.132256785,1.18207052175106
500,37999999.9999999,0.13347015,1.18345501425321
500,37999999.9999999,0.134683515,1.18476616863569
500,37999999.9999999,0.13589688,1.18591977015767
500,37999999.9999999,0.137110245,1.18680348160941
500,37999999.9999999,0.13832361,1.1874940473611
500,37999999.9999999,0.139536975,1.18730510509335
500,37999999.9999999,0.14075034,1.18666219474112
500,37999999.9999999,0.141963705,1.18412046734068
500,37999999.9999999,0.14317707,1.18063385938911
500,37999999.9999999,0.144390435,1.17372032302168
500,37999999.9999999,0.1456038,1.16492651890167
500,37999999.9999999,0.146817165,1.15247126721899
500,37999999.9999999,0.14803053,1.13728442607479
500,37999999.9999999,0.149243895,1.11836598345823
500,37999999.9999999,0.15045726,1.10463827245267
500,37999999.9999999,0.151670625,1.07216699275758
500,37999999.9999999,0.15288399,1.05128643819884
500,37999999.9999999,0.154097355,1.02759033721253
500,37999999.9999999,0.15531072,1.00554010926236
500,37999999.9999999,0.156524085,0.98832527219795
500,37999999.9999999,0.15773745,0.972496047920385
500,37999999.9999999,0.158950815,0.964590411821064
500,37999999.9999999,0.16016418,0.961392042682344
500,37999999.9999999,0.161377545,0.966043323481108
500,37999999.9999999,0.16259091,0.963098459973065
500,37999999.9999999,0.163804275,0.963372098109301
500,37999999.9999999,0.16501764,0.971527837784441
500,37999999.9999999,0.166231005,0.976030798172394
500,37999999.9999999,0.16744437,0.997270491421849
500,37999999.9999999,0.168657735,1.02775204690506
500,37999999.9999999,0.1698711,1.02936106719836
500,37999999.9999999,0.171084465,1.06441795505631
500,37999999.9999999,0.17229783,1.08825623367682
500,37999999.9999999,0.173511195,1.10297416161734
500,37999999.9999999,0.17472456,1.13486374795326
500,37999999.9999999,0.175937925,1.15384095832121
500,37999999.9999999,0.17715129,1.16982523453576
500,37999999.9999999,0.178364655,1.18229560714915
500,37999999.9999999,0.17957802,1.19225705294739
500,37999999.9999999,0.180791385,1.19882227809466
500,37999999.9999999,0.18200475,1.20396963717606
500,37999999.9999999,0.183218115,1.20680186572153
500,37999999.9999999,0.18443148,1.20864029446822
500,37999999.9999999,0.185644845,1.20943179604999
500,37999999.9999999,0.18685821,1.20972110198686
500,37999999.9999999,0.188071575,1.20963048227997
500,37999999.9999999,0.18928494,1.20912162931702
500,37999999.9999999,0.190498305,1.20842148674624
500,37999999.9999999,0.19171167,1.20753344230607
500,37999999.9999999,0.192925035,1.20637118037728
500,37999999.9999999,0.1941384,1.20497998740391
500,37999999.9999999,0.195351765,1.2031139327188
500,37999999.9999999,0.19656513,1.20014539924887
500,37999999.9999999,0.197778495,1.19344795846021
500,37999999.9999999,0.19899186,1.19851844016615
500,37999999.9999999,0.200205225,1.20110455855537
500,37999999.9999999,0.20141859,1.20140057878221
500,37999999.9999999,0.202631955,1.20324571142003
500,37999999.9999999,0.20384532,1.2028810759528
500,37999999.9999999,0.205058685,1.20376978721663
500,37999999.9999999,0.20627205,1.20161141794697
500,37999999.9999999,0.207485415,1.19384584991013
500,37999999.9999999,0.20869878,1.18688990687113
500,37999999.9999999,0.209912145,1.18067465118883
500,37999999.9999999,0.21112551,1.16775535626097
500,37999999.9999999,0.212338875,1.15333674957722
500,37999999.9999999,0.21355224,1.12729109871986
500,37999999.9999999,0.214765605,1.10822930745635
500,37999999.9999999,0.21597897,1.08494513873248
500,37999999.9999999,0.217192335,1.05706641918914
500,37999999.9999999,0.2184057,1.03450893106328
500,37999999.9999999,0.219619065,1.0126676237064
500,37999999.9999999,0.22083243,0.992741455455904
500,37999999.9999999,0.222045795,0.978408145820272
500,37999999.9999999,0.22325916,0.962875019299213
500,37999999.9999999,0.224472525,0.95583698478265
500,37999999.9999999,0.22568589,0.953711113161409
500,37999999.9999999,0.226899255,0.952894378242078
500,37999999.9999999,0.22811262,0.958164952006266
500,37999999.9999999,0.229325985,0.966948881712556
500,37999999.9999999,0.23053935,0.978971931245271
500,37999999.9999999,0.231752715,0.995180297066069
500,37999999.9999999,0.23296608,1.00896024549386
500,37999999.9999999,0.234179445,1.03603041325273
500,37999999.9999999,0.23539281,1.06213651720182
500,37999999.9999999,0.236606175,1.08969234971795
500,37999999.9999999,0.23781954,1.11726737711242
500,37999999.9999999,0.239032905,1.14340956605886
500,37999999.9999999,0.24024627,1.16783403549878
500,37999999.9999999,0.241459635,1.19054909612697
500,37999999.9999999,0.242673,1.22471011610161
500,37999999.9999999,0.243886365,1.21127785081939
500,37999999.9999999,0.24509973,1.22126914884722
500,37999999.9999999,0.246313095,1.22508152029912
500,37999999.9999999,0.24752646,1.22775367173934
500,37999999.9999999,0.248739825,1.22740163157783
500,37999999.9999999,0.24995319,1.23133967733598
500,37999999.9999999,0.251166555,1.23133429957305
500,37999999.9999999,0.25237992,1.23015469095474
500,37999999.9999999,0.253593285,1.23070484403458
500,37999999.9999999,0.25480665,1.22924826381402
500,37999999.9999999,0.256020015,1.22889217143633
500,37999999.9999999,0.25723338,1.22817092124373
500,37999999.9999999,0.258446745,1.22666781236421
500,37999999.9999999,0.25966011,1.22546638346711
500,37999999.9999999,0.260873475,1.22377828723666
500,37999999.9999999,0.26208684,1.22280329374025
500,37999999.9999999,0.263300205,1.22123444752744
500,37999999.9999999,0.26451357,1.21940343547025
500,37999999.9999999,0.265726935,1.21791824439692
500,37999999.9999999,0.2669403,1.21475511867005
500,37999999.9999999,0.268153665,1.21232908084184
500,37999999.9999999,0.26936703,1.20901407627364
500,37999999.9999999,0.270580395,1.20446068168984
500,37999999.9999999,0.27179376,1.19564524393251
500,37999999.9999999,0.273007125,1.18986993978154
500,37999999.9999999,0.27422049,1.17913604537955
500,37999999.9999999,0.275433855,1.16513851939493
500,37999999.9999999,0.27664722,1.14573683141415
500,37999999.9999999,0.277860585,1.12645172142914
500,37999999.9999999,0.27907395,1.09612816121659
500,37999999.9999999,0.280287315,1.07917634411466
500,37999999.9999999,0.28150068,1.05296007330882
500,37999999.9999999,0.282714045,1.03300081549575
500,37999999.9999999,0.28392741,1.00983003963669
500,37999999.9999999,0.285140775,0.992396392945617
500,37999999.9999999,0.28635414,0.972963613850428
500,37999999.9999999,0.287567505,0.960407793168091
500,37999999.9999999,0.28878087,0.953612044966772
500,37999999.9999999,0.289994235,0.946125984846094
500,37999999.9999999,0.2912076,0.945187959949532
500,37999999.9999999,0.292420965,0.948473275137758
500,37999999.9999999,0.29363433,0.954946045486087
500,37999999.9999999,0.294847695,0.969303851349956
500,37999999.9999999,0.29606106,0.981722398606399
500,37999999.9999999,0.297274425,1.00025335173376
500,37999999.9999999,0.29848779,1.02874920968775
500,37999999.9999999,0.299701155,1.05128642542038
500,37999999.9999999,0.30091452,1.07873211053869
500,37999999.9999999,0.302127885,1.09897147649575
500,37999999.9999999,0.30334125,1.13016684324861
500,37999999.9999999,0.304554615,1.15039249745601
500,37999999.9999999,0.30576798,1.1741834881167
500,37999999.9999999,0.306981345,1.18749826441709
500,37999999.9999999,0.30819471,1.20062804743234
500,37999999.9999999,0.309408075,1.21087680301538
500,37999999.9999999,0.31062144,1.21881606906547
500,37999999.9999999,0.311834805,1.22375618486356
500,37999999.9999999,0.31304817,1.22906569065637
500,37999999.9999999,0.314261535,1.23014530718142
500,37999999.9999999,0.3154749,1.232598023664
500,37999999.9999999,0.316688265,1.23583686810528
500,37999999.9999999,0.31790163,1.23811520185377
500,37999999.9999999,0.319114995,1.23903695940746
500,37999999.9999999,0.32032836,1.24199107446199
500,37999999.9999999,0.321541725,1.24355435159149
500,37999999.9999999,0.32275509,1.24886862158594
500,37999999.9999999,0.323968455,1.25353174033009
500,37999999.9999999,0.32518182,1.24445529372464
500,37999999.9999999,0.326395185,1.24077123661956
500,37999999.9999999,0.32760855,1.23876346119728
500,37999999.9999999,0.328821915,1.23564053288124
500,37999999.9999999,0.33003528,1.23461417368189
500,37999999.9999999,0.331248645,1.23190556182163
500,37999999.9999999,0.33246201,1.22899188898593
500,37999999.9999999,0.333675375,1.22323788075909
500,37999999.9999999,0.33488874,1.2199070832161
500,37999999.9999999,0.336102105,1.21401431803918
500,37999999.9999999,0.33731547,1.20629323137862
500,37999999.9999999,0.338528835,1.1963561546156
500,37999999.9999999,0.3397422,1.18191573248274
500,37999999.9999999,0.340955565,1.16621267016733
500,37999999.9999999,0.34216893,1.14937724562035
500,37999999.9999999,0.343382295,1.12632108384697
500,37999999.9999999,0.34459566,1.10620098441123
500,37999999.9999999,0.345809025,1.07358118482909
500,37999999.9999999,0.34702239,1.04767669865385
500,37999999.9999999,0.348235755,1.0272925529027
500,37999999.9999999,0.34944912,1.00316868843227
500,37999999.9999999,0.350662485,0.982611505450431
500,37999999.9999999,0.35187585,0.965221760383448
500,37999999.9999999,0.353089215,0.951941396939981
500,37999999.9999999,0.35430258,0.942818717041375
500,37999999.9999999,0.355515945,0.938851268058624
500,37999999.9999999,0.35672931,0.938594067033584
500,37999999.9999999,0.357942675,0.941727705367339
500,37999999.9999999,0.35915604,0.947528422043898
500,37999999.9999999,0.360369405,0.958807608462527
500,37999999.9999999,0.36158277,0.980950605361043
500,37999999.9999999,0.362796135,1.00568316881969
500,37999999.9999999,0.3640095,1.02568106175585
500,37999999.9999999,0.365222865,1.05651849910614
500,37999999.9999999,0.36643623,1.08069878329053
500,37999999.9999999,0.367649595,1.10667133674366
500,37999999.9999999,0.36886296,1.13154464903148
500,37999999.9999999,0.370076325,1.1527802526146
500,37999999.9999999,0.37128969,1.17379057573251
500,37999999.9999999,0.372503055,1.18312869146252
500,37999999.9999999,0.37371642,1.19750533691179
500,37999999.9999999,0.374929785,1.20345983488408
500,37999999.9999999,0.37614315,1.20891372963025
500,37999999.9999999,0.377356515,1.21700433813784
500,37999999.9999999,0.37856988,1.21616829631756
500,37999999.9999999,0.379783245,1.21972164579323
500,37999999.9999999,0.38099661,1.22078593264268
500,37999999.9999999,0.382209975,1.22183241551049
500,37999999.9999999,0.38342334,1.22182020053033
500,37999999.9999999,0.384636705,1.22297478452605
500,37999999.9999999,0.38585007,1.22448023478854
500,37999999.9999999,0.387063435,1.22390804517064
500,37999999.9999999,0.3882768,1.22534220455504
500,37999999.9999999,0.389490165,1.22483408893425
500,37999999.9999999,0.39070353,1.22518806129969
500,37999999.9999999,0.391916895,1.22561568614931
500,37999999.9999999,0.39313026,1.22579024946852
500,37999999.9999999,0.394343625,1.22555456393508
500,37999999.9999999,0.39555699,1.22572512680083
500,37999999.9999999,0.396770355,1.22469974021135
500,37999999.9999999,0.39798372,1.22320796909589
500,37999999.9999999,0.399197085,1.22265119750118
500,37999999.9999999,0.40041045,1.21756676225455
500,37999999.9999999,0.401623815,1.21871329457316
500,37999999.9999999,0.40283718,1.20655333820944
500,37999999.9999999,0.404050545,1.21158909060227
500,37999999.9999999,0.40526391,1.18255267482833
500,37999999.9999999,0.406477275,1.17313125967419
500,37999999.9999999,0.40769064,1.13326003192735
500,37999999.9999999,0.408904005,1.13570517717067
500,37999999.9999999,0.41011737,1.09469364630568
500,37999999.9999999,0.411330735,1.07052917286715
500,37999999.9999999,0.4125441,1.04249544204845
500,37999999.9999999,0.413757465,1.01822458836923
500,37999999.9999999,0.41497083,0.983416553732909
500,37999999.9999999,0.416184195,0.972412490870571
500,37999999.9999999,0.41739756,0.963556600654491
500,37999999.9999999,0.418610925,0.952843963397205
500,37999999.9999999,0.41982429,0.947461815769023
500,37999999.9999999,0.421037655,0.94677489800644
500,37999999.9999999,0.42225102,0.949450112621612
500,37999999.9999999,0.423464385,0.95632578867033
500,37999999.9999999,0.42467775,0.965248203012978
500,37999999.9999999,0.425891115,0.993620578790511
500,37999999.9999999,0.42710448,1.00184977429761
500,37999999.9999999,0.428317845,1.02403049150082
500,37999999.9999999,0.42953121,1.04671303569489
500,37999999.9999999,0.430744575,1.07141967206172
500,37999999.9999999,0.43195794,1.10235512557188
500,37999999.9999999,0.433171305,1.11591840865762
500,37999999.9999999,0.43438467,1.13877027214409
500,37999999.9999999,0.435598035,1.14773369075963
500,37999999.9999999,0.4368114,1.16956380483409
500,37999999.9999999,0.438024765,1.17061355952157
500,37999999.9999999,0.43923813,1.17706845194354
500,37999999.9999999,0.440451495,1.17754532431457
500,37999999.9999999,0.44166486,1.17870343243098
500,37999999.9999999,0.442878225,1.18958697477449
500,37999999.9999999,0.44409159,1.18890883527996
500,37999999.9999999,0.445304955,1.18998577017594
500,37999999.9999999,0.44651832,1.1902102245269
500,37999999.9999999,0.447731685,1.18996319950681
500,37999999.9999999,0.44894505,1.18926571417795
500,37999999.9999999,0.450158415,1.18854947408759
500,37999999.9999999,0.45137178,1.187752478819
500,37999999.9999999,0.452585145,1.18686559164384
500,37999999.9999999,0.45379851,1.18609873271404
500,37999999.9999999,0.455011875,1.18510600627001
500,37999999.9999999,0.45622524,1.18427312893126
500,37999999.9999999,0.457438605,1.18336630578151
500,37999999.9999999,0.45865197,1.18235372340028
500,37999999.9999999,0.459865335,1.18123784867925
500,37999999.9999999,0.4610787,1.17996293920019
500,37999999.9999999,0.462292065,1.17812156208555
500,37999999.9999999,0.46350543,1.17572150096079
500,37999999.9999999,0.464718795,1.1726537876276
500,37999999.9999999,0.46593216,1.16793140769414
500,37999999.9999999,0.467145525,1.16569026430299
500,37999999.9999999,0.46835889,1.15423850915047
500,37999999.9999999,0.469572255,1.14525007117216
500,37999999.9999999,0.47078562,1.12558169114453
500,37999999.9999999,0.471998985,1.11631360720761
500,37999999.9999999,0.47321235,1.09143164573218
500,37999999.9999999,0.474425715,1.07376521312941
500,37999999.9999999,0.47563908,1.05331126646547
500,37999999.9999999,0.476852445,1.02446905115586
500,37999999.9999999,0.47806581,1.00151739527864
500,37999999.9999999,0.479279175,0.984083446975815
500,37999999.9999999,0.48049254,0.969038189442115
500,37999999.9999999,0.481705905,0.95781843270507
500,37999999.9999999,0.48291927,0.951405685243079
500,37999999.9999999,0.484132635,0.94886307670157
500,37999999.9999999,0.485346,0.961430982261162
500,37999999.9999999,0.486559365,0.951869591304772
500,37999999.9999999,0.48777273,0.958343110455611
500,37999999.9999999,0.488986095,0.963946981408943
500,37999999.9999999,0.49019946,0.971329957347849
500,37999999.9999999,0.491412825,0.996173873686181
500,37999999.9999999,0.49262619,1.00517737413304
500,37999999.9999999,0.493839555,1.03609372764852
500,37999999.9999999,0.49505292,1.03917141664278
500,37999999.9999999,0.496266285,1.06401468459248
500,37999999.9999999,0.49747965,1.08883418062747
500,37999999.9999999,0.498693015,1.06750416471615
500,37999999.9999999,0.49990638,1.0709007345079
500,37999999.9999999,0.501119745,1.06770287119721
500,37999999.9999999,0.50233311,1.05787077681559
500,37999999.9999999,0.503546475,1.01507357982944
500,37999999.9999999,0.50475984,0.980337370119799
500,37999999.9999999,0.505973205,0.940942965306377
500,37999999.9999999,0.50718657,0.916284303299874
500,37999999.9999999,0.508399935,0.857776710628682
500,37999999.9999999,0.5096133,0.813248074168541
500,37999999.9999999,0.510826665,0.800050716891853
500,37999999.9999999,0.51204003,0.739289142428421
500,37999999.9999999,0.513253395,0.709770202438128
500,37999999.9999999,0.51446676,0.674181494830902
500,37999999.9999999,0.515680125,0.651221532443252
500,37999999.9999999,0.51689349,0.616768163344623
500,37999999.9999999,0.518106855,0.583942645780024
500,37999999.9999999,0.51932022,0.559196182996059
500,37999999.9999999,0.520533585,0.536519361338079
500,37999999.9999999,0.52174695,0.510723785627179
500,37999999.9999999,0.522960315,0.493967325426595
500,37999999.9999999,0.52417368,0.477953067364297
500,37999999.9999999,0.525387045,0.459680424593226
500,37999999.9999999,0.52660041,0.442669010559291
500,37999999.9999999,0.527813775,0.426271288550935
500,37999999.9999999,0.52902714,0.404965791295579
500,37999999.9999999,0.530240505,0.395149469797199
500,37999999.9999999,0.53145387,0.380857530993721
500,37999999.9999999,0.532667235,0.366724025158694
500,37999999.9999999,0.5338806,0.348100613272283
500,37999999.9999999,0.535093965,0.339124436231201
500,37999999.9999999,0.53630733,0.323763093155838
500,37999999.9999999,0.537520695,0.30470566550918
500,37999999.9999999,0.53873406,0.294220718759739
500,37999999.9999999,0.539947425,0.278774448188643
500,37999999.9999999,0.54116079,0.259288286066874
500,37999999.9999999,0.542374155,0.248922773481451
500,37999999.9999999,0.54358752,0.235449637978648
500,37999999.9999999,0.544800885,0.219021606787545
500,37999999.9999999,0.54601425,0.209130151076929
500,37999999.9999999,0.547227615,0.200098893571136
500,37999999.9999999,0.54844098,0.191156230152206
500,37999999.9999999,0.549654345,0.183993466711851
500,37999999.9999999,0.55086771,0.176655929247719
500,37999999.9999999,0.552081075,0.171103145613912
500,37999999.9999999,0.55329444,0.168393462488345
500,37999999.9999999,0.554507805,0.161480119593573
500,37999999.9999999,0.55572117,0.157790216403149
500,37999999.9999999,0.556934535,0.159599453816582
500,37999999.9999999,0.5581479,0.156712000195778
500,37999999.9999999,0.559361265,0.158173390898686
500,37999999.9999999,0.56057463,0.155846038065772
500,37999999.9999999,0.561787995,0.137600973856211
500,37999999.9999999,0.56300136,0.141541493404519
500,37999999.9999999,0.564214725,0.142740545256526
500,37999999.9999999,0.56542809,0.136900791400985
500,37999999.9999999,0.566641455,0.139041120443124
500,37999999.9999999,0.56785482,0.137486087234479
500,37999999.9999999,0.569068185,0.123243060881824
500,37999999.9999999,0.57028155,0.118799158745975
500,37999999.9999999,0.571494915,0.115459993405728
500,37999999.9999999,0.57270828,0.109541644212587
500,37999999.9999999,0.573921645,0.0974558909676322
500,37999999.9999999,0.57513501,0.0995755891969255
500,37999999.9999999,0.576348375,0.0932462832845193
500,37999999.9999999,0.57756174,0.091035825400072
500,37999999.9999999,0.578775105,0.0805290772351668
500,37999999.9999999,0.57998847,0.0782852229553828
500,37999999.9999999,0.581201835,0.0730429105619079
500,37999999.9999999,0.5824152,0.0697310913853175
500,37999999.9999999,0.583628565,0.0646891234044475
500,37999999.9999999,0.58484193,0.059598651927116
500,37999999.9999999,0.586055295,0.0562061123555197
500,37999999.9999999,0.58726866,0.0497983162452543
500,37999999.9999999,0.588482025,0.046542654381424
500,37999999.9999999,0.58969539,0.0420606333719495
500,37999999.9999999,0.590908755,0.0369928441685679
500,37999999.9999999,0.59212212,0.0331414359697793
500,37999999.9999999,0.593335485,0.0286767485189246
500,37999999.9999999,0.59454885,0.024602576829053
500,37999999.9999999,0.595762215,0.020954809965121
500,37999999.9999999,0.59697558,0.0164263276147106
500,37999999.9999999,0.598188945,0.0124726428556585
500,37999999.9999999,0.59940231,0.00857836967797141
500,37999999.9999999,0.600615675,0.00505858530793301
500,37999999.9999999,0.60182904,0.00137195262603632
500,37999999.9999999,0.603042405,-0.00170944937363908
500,37999999.9999999,0.60425577,-0.00427908059964464
500,37999999.9999999,0.605469135,-0.00654930922193913
500,37999999.9999999,0.6066825,-0.0138739960423626
500,37999999.9999999,0.607895865,-0.0164585936310099
500,37999999.9999999,0.60910923,-0.0170407415864377
500,37999999.9999999,0.610322595,-0.0215362865554999
500,37999999.9999999,0.61153596,-0.0221163977783347
500,37999999.9999999,0.612749325,-0.0266419391176757
500,37999999.9999999,0.61396269,-0.0279138656081695
500,37999999.9999999,0.615176055,-0.034532718743723
500,37999999.9999999,0.61638942,-0.034482337567928
500,37999999.9999999,0.617602785,-0.0412137345827389
500,37999999.9999999,0.61881615,-0.0440443319842488
500,37999999.9999999,0.620029515,-0.0495145190881437
500,37999999.9999999,0.62124288,-0.0542419649425237
500,37999999.9999999,0.622456245,-0.0583496833065601
500,37999999.9999999,0.62366961,-0.0646095863677515
500,37999999.9999999,0.624882975,-0.0672626282258622
500,37999999.9999999,0.62609634,-0.0744715628632332
500,37999999.9999999,0.627309705,-0.0803378552929551
500,37999999.9999999,0.62852307,-0.0860080069369202
500,37999999.9999999,0.629736435,-0.0903746664032328
500,37999999.9999999,0.6309498,-0.0966269479901315
500,37999999.9999999,0.632163165,-0.102808254665075
500,37999999.9999999,0.63337653,-0.108283069009798
500,37999999.9999999,0.634589895,-0.110288204367152
500,37999999.9999999,0.63580326,-0.11757025682977
500,37999999.9999999,0.637016625,-0.122100918235216
500,37999999.9999999,0.63822999,-0.128440625007666
500,37999999.9999999,0.639443355,-0.133261263855794
500,37999999.9999999,0.64065672,-0.142161027828777
500,37999999.9999999,0.641870085,-0.147890330531048
500,37999999.9999999,0.64308345,-0.158473313863911
500,37999999.9999999,0.644296815,-0.161369530509173
500,37999999.9999999,0.64551018,-0.166904953954726
500,37999999.9999999,0.646723545,-0.175379537958689
500,37999999.9999999,0.64793691,-0.183201066309629
500,37999999.9999999,0.649150275,-0.188663344100047
500,37999999.9999999,0.65036364,-0.195424373629491
500,37999999.9999999,0.651577005,-0.202973123216522
500,37999999.9999999,0.65279037,-0.213147125111658
500,37999999.9999999,0.654003735,-0.219456647991528
500,37999999.9999999,0.6552171,-0.226593327042595
500,37999999.9999999,0.656430465,-0.236269437606503
500,37999999.9999999,0.65764383,-0.245595264720088
500,37999999.9999999,0.658857195,-0.255878876979371
500,37999999.9999999,0.66007056,-0.260325689063977
500,37999999.9999999,0.661283925,-0.268681156956136
500,37999999.9999999,0.66249729,-0.27692545955388
500,37999999.9999999,0.663710655,-0.284217944848571
500,37999999.9999999,0.66492402,-0.291534204863063
500,37999999.9999999,0.666137385,-0.297382481871457
500,37999999.9999999,0.66735075,-0.301746798441774
500,37999999.9999999,0.668564115,-0.305303469609604
500,37999999.9999999,0.66977748,-0.307438657819757
500,37999999.9999999,0.670990845,-0.310327652123755
500,37999999.9999999,0.67220421,-0.312728535469188
500,37999999.9999999,0.673417575,-0.31702102422313
500,37999999.9999999,0.67463094,-0.322167282859149
500,37999999.9999999,0.675844305,-0.328556043109739
500,37999999.9999999,0.67705767,-0.339012740197216
500,37999999.9999999,0.678271035,-0.349413271973235
500,37999999.9999999,0.6794844,-0.355518286011605
500,37999999.9999999,0.680697765,-0.38591231755759
500,37999999.9999999,0.68191113,-0.395563052686589
500,37999999.9999999,0.683124495,-0.42490810794945
500,37999999.9999999,0.68433786,-0.443455750442476
500,37999999.9999999,0.685551225,-0.473083739342507
500,37999999.9999999,0.68676459,-0.505738696537536
500,37999999.9999999,0.687977955,-0.541870799057613
500,37999999.9999999,0.68919132,-0.579377269193111
500,37999999.9999999,0.690404685,-0.618819298157189
500,37999999.9999999,0.69161805,-0.659516471883547
500,37999999.9999999,0.692831415,-0.700614669704476
500,37999999.9999999,0.69404478,-0.740367208144262
500,37999999.9999999,0.695258145,-0.781231040121993
500,37999999.9999999,0.69647151,-0.835313622728552
500,37999999.9999999,0.697684875,-0.870236408970247
500,37999999.9999999,0.69889824,-0.917786791282833
500,37999999.9999999,0.700111605,-0.96120014031451
500,37999999.9999999,0.70132497,-1.00813814485155
500,37999999.9999999,0.702538335,-1.0433617406427
500,37999999.9999999,0.7037517,-1.071470868257
500,37999999.9999999,0.704965065,-1.10682877415864
500,37999999.9999999,0.70617843,-1.13394402353204
500,37999999.9999999,0.707391795,-1.1548238807809
500,37999999.9999999,0.70860516,-1.17795304188116
500,37999999.9999999,0.709818525,-1.18168616936278
500,37999999.9999999,0.71103189,-1.18893037872941
500,37999999.9999999,0.712245255,-1.19599433596415
500,37999999.9999999,0.71345862,-1.20224394757505
500,37999999.9999999,0.714671985,-1.20698685970041
500,37999999.9999999,0.71588535,-1.2082703153666
500,37999999.9999999,0.717098715,-1.20797800723896
500,37999999.9999999,0.71831208,-1.21138414913613
500,37999999.9999999,0.719525445,-1.21115488333569
500,37999999.9999999,0.72073881,-1.2089053396633
500,37999999.9999999,0.721952175,-1.20637914217569
500,37999999.9999999,0.72316554,-1.20394368998146
500,37999999.9999999,0.724378905,-1.2016654724389
500,37999999.9999999,0.72559227,-1.19894502659681
500,37999999.9999999,0.726805635,-1.19088127854734
500,37999999.9999999,0.728019,-1.19909825333506
500,37999999.9999999,0.729232365,-1.17542038518575
500,37999999.9999999,0.73044573,-1.14241890724355
500,37999999.9999999,0.731659095,-1.12057703794602
500,37999999.9999999,0.73287246,-1.08875822666813
500,37999999.9999999,0.734085825,-1.06902053065164
500,37999999.9999999,0.73529919,-1.04513315685856
500,37999999.9999999,0.736512555,-1.01431544201054
500,37999999.9999999,0.73772592,-0.994667880174945
500,37999999.9999999,0.738939285,-0.97234600318159
500,37999999.9999999,0.74015265,-0.954992606534737
500,37999999.9999999,0.741366015,-0.934225674731624
500,37999999.9999999,0.74257938,-0.928376523503578
500,37999999.9999999,0.743792745,-0.924491097475917
500,37999999.9999999,0.74500611,-0.924050695152898
500,37999999.9999999,0.746219475,-0.927824658278744
500,37999999.9999999,0.74743284,-0.936576775995567
500,37999999.9999999,0.748646205,-0.948545061787455
500,37999999.9999999,0.74985957,-0.965078917071484
500,37999999.9999999,0.751072935,-0.985255523529591
500,37999999.9999999,0.7522863,-1.00806698151363
500,37999999.9999999,0.753499665,-1.03257956994838
500,37999999.9999999,0.75471303,-1.05728180129725
500,37999999.9999999,0.755926395,-1.07815926301282
500,37999999.9999999,0.75713976,-1.09860034980259
500,37999999.9999999,0.758353125,-1.12340758469646
500,37999999.9999999,0.75956649,-1.13611382951084
500,37999999.9999999,0.760779855,-1.14970145863417
500,37999999.9999999,0.76199322,-1.16373712560949
500,37999999.9999999,0.763206585,-1.16626385536655
500,37999999.9999999,0.76441995,-1.1643649088881
500,37999999.9999999,0.765633315,-1.17835561889513
500,37999999.9999999,0.76684668,-1.18554435318765
500,37999999.9999999,0.768060045,-1.19093765983829
500,37999999.9999999,0.76927341,-1.19504430802787
500,37999999.9999999,0.770486775,-1.1983520786325
500,37999999.9999999,0.77170014,-1.20107151921596
500,37999999.9999999,0.772913505,-1.20338807576579
500,37999999.9999999,0.77412687,-1.20533216847544
500,37999999.9999999,0.775340235,-1.20684802295085
500,37999999.9999999,0.7765536,-1.20901045331342
500,37999999.9999999,0.777766965,-1.21042138737007
500,37999999.9999999,0.77898033,-1.21061874569796
500,37999999.9999999,0.780193695,-1.21214865562093
500,37999999.9999999,0.78140706,-1.21334257893202
500,37999999.9999999,0.782620425,-1.21435299498006
500,37999999.9999999,0.78383379,-1.21481377580218
500,37999999.9999999,0.785047155,-1.21293862279233
500,37999999.9999999,0.78626052,-1.21403919943517
500,37999999.9999999,0.787473885,-1.21017860931138
500,37999999.9999999,0.78868725,-1.21232168548923
500,37999999.9999999,0.789900615,-1.20229722958813
500,37999999.9999999,0.79111398,-1.20030510147023
500,37999999.9999999,0.792327345,-1.18470906415013
500,37999999.9999999,0.79354071,-1.17546649755301
500,37999999.9999999,0.794754075,-1.15711718397382
500,37999999.9999999,0.79596744,-1.1283414820346
500,37999999.9999999,0.797180805,-1.11863513515899
500,37999999.9999999,0.79839417,-1.08976275800051
500,37999999.9999999,0.799607535,-1.06772377373547
500,37999999.9999999,0.8008209,-1.05599253983497
500,37999999.9999999,0.802034265,-1.00526498879131
500,37999999.9999999,0.80324763,-0.999646082653606
500,37999999.9999999,0.804460995,-0.983588218322463
500,37999999.9999999,0.80567436,-0.969219566782891
500,37999999.9999999,0.806887725,-0.965801890683249
500,37999999.9999999,0.80810109,-0.961955283721342
500,37999999.9999999,0.809314455,-0.962831068418695
500,37999999.9999999,0.81052782,-0.960226298097897
500,37999999.9999999,0.811741185,-0.966295777387145
500,37999999.9999999,0.81295455,-0.97622043498247
500,37999999.9999999,0.814167915,-0.985875359293848
500,37999999.9999999,0.81538128,-1.0113275122222
500,37999999.9999999,0.816594645,-1.02975026319302
500,37999999.9999999,0.81780801,-1.04388926230378
500,37999999.9999999,0.819021375,-1.0824244681142
500,37999999.9999999,0.82023474,-1.10858064851261
500,37999999.9999999,0.821448105,-1.1354166227322
500,37999999.9999999,0.82266147,-1.14379735143261
500,37999999.9999999,0.823874835,-1.15932639933027
500,37999999.9999999,0.8250882,-1.17997873237422
500,37999999.9999999,0.826301565,-1.19346555413001
500,37999999.9999999,0.82751493,-1.19909082868808
500,37999999.9999999,0.828728295,-1.20709322031896
500,37999999.9999999,0.82994166,-1.21206456790813
500,37999999.9999999,0.831155025,-1.21247953693176
500,37999999.9999999,0.83236839,-1.21563339207298
500,37999999.9999999,0.833581755,-1.21581466076655
500,37999999.9999999,0.83479512,-1.21653172829131
500,37999999.9999999,0.836008485,-1.21670212482753
500,37999999.9999999,0.83722185,-1.21640493664247
500,37999999.9999999,0.838435215,-1.21577321056147
500,37999999.9999999,0.83964858,-1.21478696775749
500,37999999.9999999,0.840861945,-1.21336742185189
500,37999999.9999999,0.84207531,-1.21142995332264
500,37999999.9999999,0.843288675,-1.20857257553478
500,37999999.9999999,0.84450204,-1.20337121993081
500,37999999.9999999,0.845715405,-1.20019369596633
500,37999999.9999999,0.84692877,-1.20539213561216
500,37999999.9999999,0.848142135,-1.20715623485296
500,37999999.9999999,0.8493555,-1.20755333269053
500,37999999.9999999,0.850568865,-1.20705101185323
500,37999999.9999999,0.85178223,-1.2054618915954
500,37999999.9999999,0.852995595,-1.20266906077077
500,37999999.9999999,0.85420896,-1.19828160548595
500,37999999.9999999,0.855422325,-1.19204233001212
500,37999999.9999999,0.85663569,-1.1820240167344
500,37999999.9999999,0.857849055,-1.16827362623916
500,37999999.9999999,0.85906242,-1.15927417911804
500,37999999.9999999,0.860275785,-1.13979973626524
500,37999999.9999999,0.86148915,-1.11582336445775
500,37999999.9999999,0.862702515,-1.09264331950287
500,37999999.9999999,0.86391588,-1.0694654289258
500,37999999.9999999,0.865129245,-1.05304656309171
500,37999999.9999999,0.86634261,-1.01744116537501
500,37999999.9999999,0.867555975,-1.00229697065467
500,37999999.9999999,0.86876934,-0.979179530917611
500,37999999.9999999,0.869982705,-0.96151123722627
500,37999999.9999999,0.87119607,-0.952685577594068
500,37999999.9999999,0.872409435,-0.949187902889997
500,37999999.9999999,0.8736228,-0.947489128887921
500,37999999.9999999,0.874836165,-0.950005998911251
500,37999999.9999999,0.87604953,-0.955324249828017
500,37999999.9999999,0.877262895,-0.964580791627931
500,37999999.9999999,0.87847626,-0.980567412413455
500,37999999.9999999,0.879689625,-1.00284942211423
500,37999999.9999999,0.88090299,-1.02573803897753
500,37999999.9999999,0.882116355,-1.04520289372569
500,37999999.9999999,0.88332972,-1.06849770170963
500,37999999.9999999,0.884543085,-1.10449760544654
500,37999999.9999999,0.88575645,-1.13217737578427
500,37999999.9999999,0.886969815,-1.15656778385146
500,37999999.9999999,0.88818318,-1.17432270665861
500,37999999.9999999,0.889396545,-1.19139418440046
500,37999999.9999999,0.89060991,-1.20932647588099
500,37999999.9999999,0.891823275,-1.21574735565919
500,37999999.9999999,0.89303664,-1.22429718431213
500,37999999.9999999,0.894250005,-1.22691394537295
500,37999999.9999999,0.89546337,-1.23016309832175
500,37999999.9999999,0.896676735,-1.23394484722753
500,37999999.9999999,0.8978901,-1.23469624440382
500,37999999.9999999,0.899103465,-1.2349465903794
500,37999999.9999999,0.90031683,-1.23555366725438
500,37999999.9999999,0.901530195,-1.23501448487596
500,37999999.9999999,0.90274356,-1.23456822554479
500,37999999.9999999,0.903956925,-1.23393887738269
500,37999999.9999999,0.90517029,-1.23317709547712
500,37999999.9999999,0.906383655,-1.23202636815278
500,37999999.9999999,0.90759702,-1.23074502239539
500,37999999.9999999,0.908810385,-1.22930668782738
500,37999999.9999999,0.91002375,-1.22715180180383
500,37999999.9999999,0.911237115,-1.22527937687087
500,37999999.9999999,0.91245048,-1.22277937458642
500,37999999.9999999,0.913663845,-1.22031243492071
500,37999999.9999999,0.91487721,-1.21686902830536
500,37999999.9999999,0.916090575,-1.21264825658642
500,37999999.9999999,0.91730394,-1.20849760378585
500,37999999.9999999,0.918517305,-1.20136038376984
500,37999999.9999999,0.91973067,-1.19379916959112
500,37999999.9999999,0.920944035,-1.18469757057688
500,37999999.9999999,0.9221574,-1.16951795411955
500,37999999.9999999,0.923370765,-1.15276364840557
500,37999999.9999999,0.92458413,-1.13148496207641
500,37999999.9999999,0.925797495,-1.10352773310783
500,37999999.9999999,0.92701086,-1.09436243146666
500,37999999.9999999,0.928224225,-1.05649540570263
500,37999999.9999999,0.92943759,-1.03758702144748
500,37999999.9999999,0.930650955,-1.01434193477214
500,37999999.9999999,0.93186432,-0.992692259527332
500,37999999.9999999,0.933077685,-0.974081211730735
500,37999999.9999999,0.93429105,-0.960326997232413
500,37999999.9999999,0.935504415,-0.948695804333031
500,37999999.9999999,0.93671778,-0.938918109241509
500,37999999.9999999,0.937931145,-0.938449538508932
500,37999999.9999999,0.93914451,-0.939768870277569
500,37999999.9999999,0.940357875,-0.94565119116848
500,37999999.9999999,0.94157124,-0.951575168181999
500,37999999.9999999,0.942784605,-0.968442668420452
500,37999999.9999999,0.94399797,-0.986135042640352
500,37999999.9999999,0.945211335,-1.01313310927738
500,37999999.9999999,0.9464247,-1.03264728226345
500,37999999.9999999,0.947638065,-1.05961269733749
500,37999999.9999999,0.94885143,-1.09493469212343
500,37999999.9999999,0.950064795,-1.11128450367714
500,37999999.9999999,0.95127816,-1.13597616834067
500,37999999.9999999,0.952491525,-1.15808476120423
500,37999999.9999999,0.95370489,-1.17561903638971
500,37999999.9999999,0.954918255,-1.19032331824047
500,37999999.9999999,0.95613162,-1.20481345883632
500,37999999.9999999,0.957344985,-1.21214235869814
500,37999999.9999999,0.95855835,-1.21722094062041
500,37999999.9999999,0.959771715,-1.22317510137094
500,37999999.9999999,0.96098508,-1.22885166185763
500,37999999.9999999,0.962198445,-1.23172270381268
500,37999999.9999999,0.96341181,-1.23341384589612
500,37999999.9999999,0.964625175,-1.2367386504003
500,37999999.9999999,0.96583854,-1.23872839774124
500,37999999.9999999,0.967051905,-1.24080028565231
500,37999999.9999999,0.96826527,-1.24382563308941
500,37999999.9999999,0.969478635,-1.24722144399323
500,37999999.9999999,0.970692,-1.26005921543275
500,37999999.9999999,0.971905365,-1.2476068430891
500,37999999.9999999,0.97311873,-1.24314055303884
500,37999999.9999999,0.974332095,-1.24008481549689
500,37999999.9999999,0.97554546,-1.23728769408687
500,37999999.9999999,0.976758825,-1.23477396160481
500,37999999.9999999,0.97797219,-1.23174872864018
500,37999999.9999999,0.979185555,-1.22827291166593
500,37999999.9999999,0.98039892,-1.22380396366549
500,37999999.9999999,0.981612285,-1.21968570448521
500,37999999.9999999,0.98282565,-1.21347334640978
500,37999999.9999999,0.984039015,-1.20561471212686
500,37999999.9999999,0.98525238,-1.19572683355861
500,37999999.9999999,0.986465745,-1.1828322433382
500,37999999.9999999,0.98767911,-1.16950899802977
500,37999999.9999999,0.988892475,-1.15052719404276
500,37999999.9999999,0.99010584,-1.12833127212832
500,37999999.9999999,0.991319205,-1.10451863200636
500,37999999.9999999,0.99253257,-1.07964976901649
500,37999999.9999999,0.993745935,-1.05098715976421
500,37999999.9999999,0.9949593,-1.02535848745943
500,37999999.9999999,0.996172665,-1.00011756343207
500,37999999.9999999,0.99738603,-0.977391895885798
500,37999999.9999999,0.998599395,-0.961000340897635
500,37999999.9999999,0.99981276,-0.948420840037375
500,37999999.9999999,1.001026125,-0.939200427780449
500,37999999.9999999,1.00223949,-0.932147894104834
500,37999999.9999999,1.003452855,-0.929245572575924
500,37999999.9999999,1.00466622,-0.933246180737553
500,37999999.9999999,1.005879585,-0.937279244971994
500,37999999.9999999,1.00709295,-0.945220506453096
500,37999999.9999999,1.008306315,-0.965093940775992
500,37999999.9999999,1.00951968,-0.987635279130744
500,37999999.9999999,1.010733045,-1.01282704090767
500,37999999.9999999,1.01194641,-1.03700363760607
500,37999999.9999999,1.013159775,-1.06127959551439
500,37999999.9999999,1.01437314,-1.09123997334307
500,37999999.9999999,1.015586505,-1.11422032209111
500,37999999.9999999,1.01679987,-1.13984595712307
500,37999999.9999999,1.018013235,-1.15331548185543
500,37999999.9999999,1.0192266,-1.17020481291318
500,37999999.9999999,1.020439965,-1.1839162757244
500,37999999.9999999,1.02165333,-1.1926459438598
500,37999999.9999999,1.022866695,-1.20004092160268
500,37999999.9999999,1.02408006,-1.20525584832789
500,37999999.9999999,1.025293425,-1.20642269861356
500,37999999.9999999,1.02650679,-1.21231282268917
500,37999999.9999999,1.027720155,-1.21416520485982
500,37999999.9999999,1.02893352,-1.21615461583276
500,37999999.9999999,1.030146885,-1.21725133881422
500,37999999.9999999,1.03136025,-1.21755804042707
500,37999999.9999999,1.032573615,-1.21856877221872
500,37999999.9999999,1.03378698,-1.21959434451619
500,37999999.9999999,1.035000345,-1.21938697884536
500,37999999.9999999,1.03621371,-1.22019922286979
500,37999999.9999999,1.037427075,-1.22073433592646
500,37999999.9999999,1.03864044,-1.22033095208509
500,37999999.9999999,1.039853805,-1.22012989136749
500,37999999.9999999,1.04106717,-1.21959754071974
500,37999999.9999999,1.042280535,-1.21809204622424
500,37999999.9999999,1.0434939,-1.21706344295809
500,37999999.9999999,1.044707265,-1.21385742673745
500,37999999.9999999,1.04592063,-1.21114330647741
500,37999999.9999999,1.047133995,-1.20843336649098
500,37999999.9999999,1.04834736,-1.2006313905546
500,37999999.9999999,1.049560725,-1.1960250794586
500,37999999.9999999,1.05077409,-1.1890454059755
500,37999999.9999999,1.051987455,-1.19014738838507
500,37999999.9999999,1.05320082,-1.16343480745801
500,37999999.9999999,1.054414185,-1.13260192519043
500,37999999.9999999,1.05562755,-1.1069027464225
500,37999999.9999999,1.056840915,-1.08100571388026
500,37999999.9999999,1.05805428,-1.05750055627475
500,37999999.9999999,1.059267645,-1.03475021314486
500,37999999.9999999,1.06048101,-1.00225530180745
500,37999999.9999999,1.061694375,-0.978196482183045
500,37999999.9999999,1.06290774,-0.959468452397887
500,37999999.9999999,1.064121105,-0.945412803262857
500,37999999.9999999,1.06533447,-0.933963054781969
500,37999999.9999999,1.066547835,-0.926063692869448
500,37999999.9999999,1.0677612,-0.92377116938931
500,37999999.9999999,1.068974565,-0.925489987507748
500,37999999.9999999,1.07018793,-0.93138859664019
500,37999999.9999999,1.071401295,-0.941456149575941
500,37999999.9999999,1.07261466,-0.95558265282058
500,37999999.9999999,1.073828025,-0.973416307656662
500,37999999.9999999,1.07504139,-0.994440909676367
500,37999999.9999999,1.076254755,-1.01792466653761
500,37999999.9999999,1.07746812,-1.04285432896803
500,37999999.9999999,1.078681485,-1.06810440537193
500,37999999.9999999,1.07989485,-1.09180929700706
500,37999999.9999999,1.081108215,-1.11302892586352
500,37999999.9999999,1.08232158,-1.13102107903686
500,37999999.9999999,1.083534945,-1.14542464150784
500,37999999.9999999,1.08474831,-1.15622730369794
500,37999999.9999999,1.085961675,-1.16316286295166
500,37999999.9999999,1.08717504,-1.16579486513316
500,37999999.9999999,1.088388405,-1.16781228075058
500,37999999.9999999,1.08960177,-1.17884790898487
500,37999999.9999999,1.090815135,-1.18286831483114
500,37999999.9999999,1.0920285,-1.18533207707848
500,37999999.9999999,1.093241865,-1.18432725469567
500,37999999.9999999,1.09445523,-1.1891636446168
500,37999999.9999999,1.095668595,-1.1891130022304
500,37999999.9999999,1.09688196,-1.18933289402131
500,37999999.9999999,1.098095325,-1.18748772655661
500,37999999.9999999,1.09930869,-1.17639724284645
500,37999999.9999999,1.100522055,-1.18099820533043
500,37999999.9999999,1.10173542,-1.17564552255985
500,37999999.9999999,1.102948785,-1.16847205998407
500,37999999.9999999,1.10416215,-1.16229940102297
500,37999999.9999999,1.105375515,-1.13944956965621
500,37999999.9999999,1.10658888,-1.12072496354638
500,37999999.9999999,1.107802245,-1.10807583316779
500,37999999.9999999,1.10901561,-1.05820870481026
500,37999999.9999999,1.110228975,-1.02763782918619
500,37999999.9999999,1.11144234,-0.97773590715263
500,37999999.9999999,1.112655705,-0.943580453558128
500,37999999.9999999,1.11386907,-0.889890329733401
500,37999999.9999999,1.115082435,-0.846450623491332
500,37999999.9999999,1.1162958,-0.799670311466711
500,37999999.9999999,1.117509165,-0.773833280661767
500,37999999.9999999,1.11872253,-0.716896369741267
500,37999999.9999999,1.119935895,-0.679490134848851
500,37999999.9999999,1.12114926,-0.642045959404964
500,37999999.9999999,1.122362625,-0.602889982994625
500,37999999.9999999,1.12357599,-0.563192734991328
500,37999999.9999999,1.124789355,-0.523933099350287
500,37999999.9999999,1.12600272,-0.486322467913858
500,37999999.9999999,1.127216085,-0.487756431524331
500,37999999.9999999,1.12842945,-0.444339259126135
500,37999999.9999999,1.129642815,-0.414767408703899
500,37999999.9999999,1.13085618,-0.399533306485913
500,37999999.9999999,1.132069545,-0.375965893627207
500,37999999.9999999,1.13328291,-0.358600599739606
500,37999999.9999999,1.134496275,-0.342534241908884
500,37999999.9999999,1.13570964,-0.33320112663548
500,37999999.9999999,1.136923005,-0.326931279904889
500,37999999.9999999,1.13813637,-0.317783333243791
500,37999999.9999999,1.139349735,-0.310814418969275
500,37999999.9999999,1.1405631,-0.316996582013054
500,37999999.9999999,1.141776465,-0.308203731355474
500,37999999.9999999,1.14298983,-0.305495841010848
500,37999999.9999999,1.144203195,-0.296337309126733
500,37999999.9999999,1.14541656,-0.29653718469134
500,37999999.9999999,1.146629925,-0.293713921323203
500,37999999.9999999,1.14784329,-0.285173416959134
500,37999999.9999999,1.149056655,-0.280454265413684
500,37999999.9999999,1.15027002,-0.265649857986229
500,37999999.9999999,1.151483385,-0.255220553456686
500,37999999.9999999,1.15269675,-0.246609116592519
500,37999999.9999999,1.153910115,-0.235485770776398
500,37999999.9999999,1.15512348,-0.230672471859125
500,37999999.9999999,1.156336845,-0.220597830293548
500,37999999.9999999,1.15755021,-0.216927664380086
500,37999999.9999999,1.158763575,-0.209565231003179
500,37999999.9999999,1.15997694,-0.201012744528699
500,37999999.9999999,1.161190305,-0.190687669249398
500,37999999.9999999,1.16240367,-0.185142140998628
500,37999999.9999999,1.163617035,-0.177029904554613
500,37999999.9999999,1.1648304,-0.171703025814739
500,37999999.9999999,1.166043765,-0.164890013632516
500,37999999.9999999,1.16725713,-0.158604541071785
500,37999999.9999999,1.168470495,-0.153893976830188
500,37999999.9999999,1.16968386,-0.145604741215639
500,37999999.9999999,1.170897225,-0.142079903441671
500,37999999.9999999,1.17211059,-0.135910489164816
500,37999999.9999999,1.173323955,-0.130161129272453
500,37999999.9999999,1.17453732,-0.125261933857134
500,37999999.9999999,1.175750685,-0.119847454711981
500,37999999.9999999,1.17696405,-0.114052363982614
500,37999999.9999999,1.178177415,-0.108758995020899
500,37999999.9999999,1.17939078,-0.101844934853853
500,37999999.9999999,1.180604145,-0.0981372863261457
500,37999999.9999999,1.18181751,-0.0937380035827066
500,37999999.9999999,1.183030875,-0.0872301541867715
500,37999999.9999999,1.18424424,-0.0833889011510816
500,37999999.9999999,1.185457605,-0.0778345016662738
500,37999999.9999999,1.18667097,-0.0725326542672033
500,37999999.9999999,1.187884335,-0.0672464867982626
500,37999999.9999999,1.1890977,-0.0619847575849061
500,37999999.9999999,1.190311065,-0.056945644158115
500,37999999.9999999,1.19152443,-0.0521923439515189
500,37999999.9999999,1.192737795,-0.0476574628807145
500,37999999.9999999,1.19395116,-0.0443091545820037
500,37999999.9999999,1.195164525,-0.04045520891781
500,37999999.9999999,1.19637789,-0.0338501106204601
500,37999999.9999999,1.197591255,-0.0327171108589087
500,37999999.9999999,1.19880462,-0.0291042074276637
500,37999999.9999999,1.200017985,-0.0263417809113266
500,37999999.9999999,1.20123135,-0.0226044536738125
500,37999999.9999999,1.202444715,-0.0202643014982083
500,37999999.9999999,1.20365808,-0.016116927636678
500,37999999.9999999,1.204871445,-0.012803998151056
500,37999999.9999999,1.20608481,-0.00976463625581884
500,37999999.9999999,1.207298175,-0.0066212593839899
500,37999999.9999999,1.20851154,-0.00330432686438997
500,37999999.9999999,1.209724905,0.000223301742125791
500,37999999.9999999,1.21093827,0.00388318898210564
500,37999999.9999999,1.212151635,0.00770874058886054
500,37999999.9999999,1.213365,0.012317745014325
